-- phpMyAdmin SQL Dump
-- version 4.9.0.1
-- https://www.phpmyadmin.net/
--
-- Хост: 127.0.0.1:3306
-- Время создания: Апр 12 2022 г., 06:55
-- Версия сервера: 8.0.15
-- Версия PHP: 7.2.22

SET SQL_MODE = "NO_AUTO_VALUE_ON_ZERO";
SET AUTOCOMMIT = 0;
START TRANSACTION;
SET time_zone = "+00:00";


/*!40101 SET @OLD_CHARACTER_SET_CLIENT=@@CHARACTER_SET_CLIENT */;
/*!40101 SET @OLD_CHARACTER_SET_RESULTS=@@CHARACTER_SET_RESULTS */;
/*!40101 SET @OLD_COLLATION_CONNECTION=@@COLLATION_CONNECTION */;
/*!40101 SET NAMES utf8mb4 */;

--
-- База данных: `prototype_db`
--

-- --------------------------------------------------------

--
-- Структура таблицы `answer`
--

CREATE TABLE `answer` (
  `id` bigint(20) NOT NULL
) ENGINE=InnoDB DEFAULT CHARSET=utf8 COLLATE=utf8_unicode_ci;

--
-- Дамп данных таблицы `answer`
--

INSERT INTO `answer` (`id`) VALUES
(1),
(2),
(3),
(4),
(5),
(6),
(7),
(8),
(9),
(10),
(11),
(12),
(13),
(14),
(15),
(16),
(17),
(18),
(19),
(20),
(21),
(22),
(23),
(24),
(25),
(26),
(27),
(28),
(29),
(30),
(31),
(40),
(44),
(45),
(46),
(47),
(48),
(50),
(51),
(52);

-- --------------------------------------------------------

--
-- Структура таблицы `answer_component_transfer_method`
--

CREATE TABLE `answer_component_transfer_method` (
  `id` bigint(20) NOT NULL,
  `component_name` varchar(255) COLLATE utf8_unicode_ci DEFAULT NULL,
  `element_name` varchar(255) COLLATE utf8_unicode_ci DEFAULT NULL,
  `error_message` varchar(255) COLLATE utf8_unicode_ci DEFAULT NULL,
  `is_correct` bit(1) NOT NULL,
  `student_id` bigint(20) DEFAULT NULL
) ENGINE=InnoDB DEFAULT CHARSET=utf8 COLLATE=utf8_unicode_ci;

-- --------------------------------------------------------

--
-- Структура таблицы `answer_element_borders`
--

CREATE TABLE `answer_element_borders` (
  `id` bigint(20) NOT NULL,
  `date_time` datetime(6) DEFAULT NULL,
  `error_message` varchar(255) COLLATE utf8_unicode_ci DEFAULT NULL,
  `is_correct` bit(1) NOT NULL,
  `left_border` int(11) NOT NULL,
  `right_border` int(11) NOT NULL,
  `student_id` bigint(20) DEFAULT NULL
) ENGINE=InnoDB DEFAULT CHARSET=utf8 COLLATE=utf8_unicode_ci;

--
-- Дамп данных таблицы `answer_element_borders`
--

INSERT INTO `answer_element_borders` (`id`, `date_time`, `error_message`, `is_correct`, `left_border`, `right_border`, `student_id`) VALUES
(58, '2022-04-05 09:44:58.277481', 'Выделена слишком короткая фраза - она описывает один элемент данных частично', b'0', 10, 10, 57),
(59, '2022-04-05 09:45:16.889458', NULL, b'1', 2, 4, 57),
(60, '2022-04-05 09:45:28.932410', 'Выделена слишком короткая фраза - она описывает один элемент данных частично', b'0', 6, 7, 57),
(61, '2022-04-05 09:45:32.916417', 'Выделена слишком короткая фраза - она описывает один элемент данных частично', b'0', 8, 8, 57),
(62, '2022-04-05 09:45:37.049043', 'Выделена слишком длинная фраза', b'0', 5, 11, 57),
(63, '2022-04-05 09:45:48.986364', NULL, b'1', 6, 8, 57),
(64, '2022-04-05 09:45:52.157073', NULL, b'1', 10, 11, 57),
(66, '2022-04-05 09:56:11.601258', NULL, b'1', 2, 4, 65),
(67, '2022-04-05 09:56:15.157481', NULL, b'1', 6, 8, 65),
(68, '2022-04-05 09:56:17.757691', NULL, b'1', 10, 11, 65),
(76, '2022-04-05 10:16:17.345189', NULL, b'1', 2, 4, 75),
(77, '2022-04-05 10:16:22.112973', NULL, b'1', 6, 8, 75),
(78, '2022-04-05 10:16:25.009909', NULL, b'1', 10, 11, 75),
(83, '2022-04-05 10:17:44.569687', NULL, b'1', 2, 4, 82),
(84, '2022-04-05 10:17:52.633636', NULL, b'1', 6, 8, 82),
(85, '2022-04-05 10:17:55.192737', NULL, b'1', 10, 11, 82),
(90, '2022-04-05 10:33:59.155461', NULL, b'1', 2, 4, 89),
(91, '2022-04-05 10:34:03.327738', NULL, b'1', 6, 8, 89),
(92, '2022-04-05 10:34:06.083551', NULL, b'1', 10, 11, 89),
(98, '2022-04-05 10:36:45.075765', NULL, b'1', 2, 4, 97),
(99, '2022-04-05 10:36:49.046716', NULL, b'1', 6, 8, 97),
(100, '2022-04-05 10:36:51.917732', NULL, b'1', 10, 11, 97),
(107, '2022-04-05 10:40:55.614297', NULL, b'1', 2, 4, 106),
(108, '2022-04-05 10:40:59.047290', NULL, b'1', 6, 8, 106),
(109, '2022-04-05 10:41:01.654525', NULL, b'1', 10, 11, 106),
(118, '2022-04-05 11:29:02.820343', NULL, b'1', 2, 4, 117),
(119, '2022-04-05 11:29:05.843834', NULL, b'1', 6, 8, 117),
(120, '2022-04-05 11:29:08.644596', NULL, b'1', 10, 11, 117),
(128, '2022-04-05 13:04:25.407081', NULL, b'1', 2, 4, 127),
(129, '2022-04-05 13:04:29.207742', NULL, b'1', 6, 8, 127),
(130, '2022-04-05 13:04:32.241356', NULL, b'1', 10, 11, 127),
(137, '2022-04-05 17:07:26.949714', NULL, b'1', 2, 4, 136),
(138, '2022-04-05 17:07:33.336068', NULL, b'1', 6, 8, 136),
(139, '2022-04-05 17:07:36.144126', NULL, b'1', 10, 11, 136),
(145, '2022-04-05 17:16:13.712342', NULL, b'1', 2, 4, 144),
(146, '2022-04-05 17:16:17.781165', NULL, b'1', 6, 8, 144),
(147, '2022-04-05 17:16:20.583907', NULL, b'1', 10, 11, 144),
(152, '2022-04-05 17:51:49.192025', NULL, b'1', 2, 4, 151),
(153, '2022-04-05 17:51:52.432226', NULL, b'1', 6, 8, 151),
(154, '2022-04-05 17:51:55.324567', NULL, b'1', 10, 11, 151),
(159, '2022-04-05 18:18:53.095703', 'Выделена слишком длинная фраза', b'0', 2, 10, 158),
(160, '2022-04-05 18:18:57.012196', NULL, b'1', 2, 4, 158),
(161, '2022-04-05 18:19:00.901681', NULL, b'1', 6, 8, 158),
(162, '2022-04-05 18:19:03.517070', NULL, b'1', 10, 11, 158),
(167, '2022-04-05 18:21:12.823316', NULL, b'1', 2, 4, 166),
(168, '2022-04-05 18:21:16.143083', NULL, b'1', 6, 8, 166),
(169, '2022-04-05 18:21:18.738208', NULL, b'1', 10, 11, 166),
(174, '2022-04-05 18:21:53.117114', NULL, b'1', 2, 4, 173),
(175, '2022-04-05 18:21:56.176287', NULL, b'1', 6, 8, 173),
(176, '2022-04-05 18:21:58.708380', NULL, b'1', 10, 11, 173),
(181, '2022-04-05 18:26:15.475783', NULL, b'1', 2, 4, 180),
(182, '2022-04-05 18:26:18.695436', NULL, b'1', 6, 8, 180),
(183, '2022-04-05 18:26:21.572394', NULL, b'1', 10, 11, 180),
(188, '2022-04-05 19:23:15.019832', NULL, b'1', 2, 4, 187),
(189, '2022-04-05 19:23:18.916071', NULL, b'1', 6, 8, 187),
(190, '2022-04-05 19:23:21.653374', NULL, b'1', 10, 11, 187),
(199, '2022-04-06 10:03:42.787018', 'Выделена слишком короткая фраза - она описывает один элемент данных частично', b'0', 2, 2, 198),
(200, '2022-04-06 10:03:55.649510', NULL, b'1', 6, 8, 198),
(201, '2022-04-06 10:03:59.637604', NULL, b'1', 10, 11, 198),
(202, '2022-04-06 10:45:24.063217', 'Выделена слишком короткая фраза - она описывает один элемент данных частично', b'0', 4, 4, 198),
(203, '2022-04-06 10:46:56.442167', NULL, b'1', 2, 4, 198),
(214, '2022-04-06 11:43:49.164477', NULL, b'1', 2, 4, 213),
(215, '2022-04-06 11:43:52.796057', NULL, b'1', 6, 8, 213),
(216, '2022-04-06 11:43:55.868941', NULL, b'1', 10, 11, 213),
(226, '2022-04-06 14:14:31.082891', NULL, b'1', 2, 4, 225),
(227, '2022-04-06 14:14:35.434932', NULL, b'1', 6, 8, 225),
(228, '2022-04-06 14:14:39.007741', NULL, b'1', 10, 11, 225),
(245, '2022-04-06 15:22:55.183995', NULL, b'1', 2, 4, 244),
(246, '2022-04-06 15:22:59.929444', NULL, b'1', 6, 8, 244),
(247, '2022-04-06 15:23:03.061607', NULL, b'1', 10, 11, 244),
(250, '2022-04-06 16:51:07.658226', NULL, b'1', 3, 5, 249),
(251, '2022-04-06 16:51:12.859968', NULL, b'1', 7, 9, 249),
(252, '2022-04-06 16:51:16.213646', NULL, b'1', 2, 2, 249),
(258, '2022-04-06 17:38:46.539804', NULL, b'1', 2, 2, 257),
(259, '2022-04-06 17:38:49.958914', NULL, b'1', 3, 5, 257),
(260, '2022-04-06 17:38:53.088683', NULL, b'1', 7, 9, 257),
(267, '2022-04-06 21:37:52.972434', NULL, b'1', 2, 2, 266),
(268, '2022-04-06 21:37:57.036407', NULL, b'1', 3, 5, 266),
(269, '2022-04-06 21:37:59.858008', NULL, b'1', 7, 9, 266),
(277, '2022-04-06 21:42:03.959429', NULL, b'1', 2, 2, 276),
(278, '2022-04-06 21:42:08.949908', NULL, b'1', 3, 5, 276),
(279, '2022-04-06 21:42:12.763638', NULL, b'1', 7, 9, 276),
(288, '2022-04-06 21:44:37.147362', NULL, b'1', 2, 2, 287),
(289, '2022-04-06 21:44:42.761001', NULL, b'1', 3, 5, 287),
(290, '2022-04-06 21:44:45.453265', NULL, b'1', 7, 9, 287),
(298, '2022-04-06 21:45:49.118956', NULL, b'1', 2, 2, 297),
(299, '2022-04-06 21:45:52.848493', NULL, b'1', 3, 5, 297),
(300, '2022-04-06 21:45:55.602587', NULL, b'1', 7, 9, 297),
(309, '2022-04-06 21:52:09.669237', NULL, b'1', 2, 2, 308),
(310, '2022-04-06 21:52:13.080396', NULL, b'1', 3, 5, 308),
(311, '2022-04-06 21:52:15.986412', NULL, b'1', 7, 9, 308),
(319, '2022-04-07 08:19:05.310148', NULL, b'1', 2, 4, 318),
(320, '2022-04-07 08:19:10.470455', NULL, b'1', 6, 8, 318),
(321, '2022-04-07 08:19:13.708679', NULL, b'1', 10, 11, 318),
(330, '2022-04-07 08:22:19.634282', NULL, b'1', 2, 4, 329),
(331, '2022-04-07 08:22:23.625400', NULL, b'1', 6, 8, 329),
(332, '2022-04-07 08:22:26.597174', NULL, b'1', 10, 11, 329),
(341, '2022-04-07 08:27:59.723481', NULL, b'1', 2, 2, 340),
(342, '2022-04-07 08:28:02.705521', NULL, b'1', 3, 5, 340),
(343, '2022-04-07 08:28:05.099330', NULL, b'1', 7, 9, 340),
(351, '2022-04-07 08:28:54.709939', NULL, b'1', 2, 2, 350),
(352, '2022-04-07 08:28:57.555516', NULL, b'1', 3, 5, 350),
(353, '2022-04-07 08:29:00.263631', NULL, b'1', 7, 9, 350),
(361, '2022-04-07 08:32:22.103758', NULL, b'1', 2, 4, 360),
(362, '2022-04-07 08:32:26.383771', NULL, b'1', 6, 8, 360),
(363, '2022-04-07 08:32:30.156237', NULL, b'1', 10, 11, 360),
(372, '2022-04-07 08:39:15.258422', 'Выделена слишком длинная фраза', b'0', 2, 3, 371),
(373, '2022-04-07 08:39:21.019316', NULL, b'1', 3, 5, 371),
(374, '2022-04-07 08:39:24.179390', NULL, b'1', 7, 9, 371),
(375, '2022-04-07 08:39:26.778962', NULL, b'1', 2, 2, 371),
(382, '2022-04-07 08:44:24.432862', NULL, b'1', 2, 2, 381),
(383, '2022-04-07 08:44:28.001107', NULL, b'1', 3, 5, 381),
(384, '2022-04-07 08:44:30.908944', NULL, b'1', 7, 9, 381),
(392, '2022-04-07 08:49:14.439432', NULL, b'1', 3, 5, 391),
(393, '2022-04-07 08:49:17.425699', NULL, b'1', 7, 9, 391),
(394, '2022-04-07 08:49:20.188082', NULL, b'1', 2, 2, 391),
(403, '2022-04-07 09:01:53.978324', NULL, b'1', 2, 2, 402),
(404, '2022-04-07 09:01:57.121829', NULL, b'1', 3, 5, 402),
(405, '2022-04-07 09:02:00.183821', NULL, b'1', 7, 9, 402),
(413, '2022-04-07 09:07:24.934650', 'Выделена слишком длинная фраза', b'0', 2, 3, 412),
(414, '2022-04-07 09:07:32.369228', NULL, b'1', 2, 2, 412),
(415, '2022-04-07 09:07:35.018358', NULL, b'1', 3, 5, 412),
(416, '2022-04-07 09:07:37.678249', NULL, b'1', 7, 9, 412),
(425, '2022-04-07 09:14:51.728350', NULL, b'1', 2, 2, 424),
(426, '2022-04-07 09:14:54.928188', NULL, b'1', 3, 5, 424),
(427, '2022-04-07 09:14:57.623099', NULL, b'1', 7, 9, 424),
(436, '2022-04-07 09:29:10.465459', NULL, b'1', 2, 2, 435),
(437, '2022-04-07 09:29:13.797329', NULL, b'1', 3, 5, 435),
(438, '2022-04-07 09:29:16.679980', NULL, b'1', 7, 9, 435),
(446, '2022-04-07 09:41:13.374968', NULL, b'1', 2, 2, 445),
(447, '2022-04-07 09:41:16.863614', NULL, b'1', 3, 5, 445),
(448, '2022-04-07 09:41:19.451647', NULL, b'1', 7, 9, 445),
(456, '2022-04-07 09:43:47.807105', NULL, b'1', 2, 2, 455),
(457, '2022-04-07 09:43:50.717155', NULL, b'1', 3, 5, 455),
(458, '2022-04-07 09:43:53.005601', NULL, b'1', 7, 9, 455),
(467, '2022-04-07 09:57:44.666224', NULL, b'1', 2, 2, 466),
(468, '2022-04-07 09:57:48.148237', NULL, b'1', 3, 5, 466),
(469, '2022-04-07 09:57:50.861472', NULL, b'1', 7, 9, 466),
(477, '2022-04-07 10:07:15.739409', NULL, b'1', 2, 2, 476),
(478, '2022-04-07 10:07:18.621170', NULL, b'1', 3, 5, 476),
(479, '2022-04-07 10:07:20.843931', NULL, b'1', 7, 9, 476),
(481, '2022-04-07 10:11:40.414244', NULL, b'1', 2, 2, 480),
(482, '2022-04-07 10:11:44.587443', NULL, b'1', 3, 5, 480),
(483, '2022-04-07 10:11:47.029420', NULL, b'1', 7, 9, 480),
(491, '2022-04-07 10:17:14.120365', NULL, b'1', 2, 2, 490),
(492, '2022-04-07 10:17:16.964810', NULL, b'1', 3, 5, 490),
(493, '2022-04-07 10:17:19.350228', NULL, b'1', 7, 9, 490),
(502, '2022-04-07 11:20:00.335838', NULL, b'1', 2, 2, 501),
(503, '2022-04-07 11:20:03.650984', NULL, b'1', 3, 5, 501),
(504, '2022-04-07 11:20:06.150956', NULL, b'1', 7, 9, 501),
(512, '2022-04-07 11:25:41.583219', NULL, b'1', 2, 2, 511),
(513, '2022-04-07 11:25:44.251210', NULL, b'1', 3, 5, 511),
(514, '2022-04-07 11:25:46.595500', NULL, b'1', 7, 9, 511),
(522, '2022-04-07 11:27:12.973879', NULL, b'1', 2, 2, 521),
(523, '2022-04-07 11:27:16.590570', NULL, b'1', 3, 5, 521),
(524, '2022-04-07 11:27:19.673764', NULL, b'1', 7, 9, 521),
(532, '2022-04-07 11:43:25.009139', NULL, b'1', 2, 3, 531),
(533, '2022-04-07 11:43:31.937545', NULL, b'1', 7, 9, 531),
(534, '2022-04-07 11:43:39.034217', NULL, b'1', 12, 15, 531),
(543, '2022-04-07 11:48:02.358371', NULL, b'1', 2, 3, 542),
(544, '2022-04-07 11:48:07.524287', NULL, b'1', 7, 9, 542),
(545, '2022-04-07 11:48:12.770711', NULL, b'1', 12, 15, 542),
(555, '2022-04-07 12:00:20.002816', NULL, b'1', 2, 3, 554),
(556, '2022-04-07 12:00:25.111638', NULL, b'1', 7, 9, 554),
(557, '2022-04-07 12:00:29.849483', NULL, b'1', 12, 15, 554),
(567, '2022-04-07 12:03:38.795923', NULL, b'1', 2, 3, 566),
(568, '2022-04-07 12:03:43.616012', NULL, b'1', 7, 9, 566),
(569, '2022-04-07 12:03:48.328508', NULL, b'1', 12, 15, 566),
(578, '2022-04-07 12:12:13.138192', NULL, b'1', 2, 3, 577),
(579, '2022-04-07 12:12:17.574345', NULL, b'1', 7, 9, 577),
(580, '2022-04-07 12:12:20.472051', NULL, b'1', 12, 15, 577),
(589, '2022-04-07 12:23:04.641851', NULL, b'1', 2, 2, 588),
(590, '2022-04-07 12:23:07.656635', NULL, b'1', 3, 5, 588),
(591, '2022-04-07 12:23:10.423960', NULL, b'1', 7, 9, 588),
(599, '2022-04-07 13:18:09.951286', NULL, b'1', 2, 3, 598),
(600, '2022-04-07 13:18:17.291703', 'Выделена слишком длинная фраза', b'0', 6, 9, 598),
(601, '2022-04-07 13:18:25.209623', NULL, b'1', 7, 9, 598),
(602, '2022-04-07 13:18:35.322881', NULL, b'1', 12, 15, 598),
(613, '2022-04-07 13:30:59.918963', NULL, b'1', 2, 3, 611),
(614, '2022-04-07 13:31:04.019714', NULL, b'1', 7, 9, 611),
(615, '2022-04-07 13:31:07.961888', NULL, b'1', 12, 15, 611),
(625, '2022-04-07 13:36:30.269982', NULL, b'1', 2, 3, 624),
(626, '2022-04-07 13:36:35.164735', NULL, b'1', 7, 9, 624),
(627, '2022-04-07 13:36:40.353730', NULL, b'1', 12, 15, 624),
(636, '2022-04-07 13:41:39.290821', NULL, b'1', 2, 3, 635),
(637, '2022-04-07 13:41:42.924342', NULL, b'1', 7, 9, 635),
(638, '2022-04-07 13:41:47.600435', NULL, b'1', 12, 15, 635),
(647, '2022-04-07 13:46:20.692523', NULL, b'1', 2, 3, 646),
(648, '2022-04-07 13:46:26.861719', 'Выделена слишком короткая фраза - она описывает один элемент данных частично', b'0', 8, 9, 646),
(649, '2022-04-07 13:46:33.492975', NULL, b'1', 7, 9, 646),
(650, '2022-04-07 13:46:41.383601', NULL, b'1', 12, 15, 646),
(653, '2022-04-07 13:47:30.811155', 'Выделена слишком короткая фраза - она описывает один элемент данных частично', b'0', 2, 2, 652),
(654, '2022-04-07 13:47:34.626507', 'Выделена слишком длинная фраза', b'0', 2, 5, 652),
(655, '2022-04-07 13:47:45.637489', 'Выделена слишком короткая фраза - она описывает один элемент данных частично', b'0', 8, 9, 652),
(656, '2022-04-07 13:48:12.144735', 'Выделена слишком короткая фраза - она описывает один элемент данных частично', b'0', 12, 13, 652),
(657, '2022-04-07 13:48:24.586067', NULL, b'1', 2, 3, 652),
(658, '2022-04-07 13:48:28.585047', NULL, b'1', 7, 9, 652),
(659, '2022-04-07 13:48:36.816928', NULL, b'1', 12, 15, 652),
(661, '2022-04-07 13:49:57.164192', NULL, b'1', 2, 3, 660),
(662, '2022-04-07 13:50:01.903231', NULL, b'1', 7, 9, 660),
(663, '2022-04-07 13:50:07.843268', 'Выделена слишком короткая фраза - она описывает один элемент данных частично', b'0', 13, 15, 660),
(664, '2022-04-07 13:50:13.865149', NULL, b'1', 12, 15, 660),
(676, '2022-04-08 08:44:05.595328', 'Выделена слишком длинная фраза', b'0', 1, 6, 675),
(677, '2022-04-08 08:44:10.286798', 'Выделена слишком длинная фраза', b'0', 6, 9, 675),
(678, '2022-04-08 08:44:20.133776', 'Выделена слишком длинная фраза', b'0', 10, 15, 675),
(679, '2022-04-08 08:44:55.853220', NULL, b'1', 2, 3, 675),
(680, '2022-04-08 08:45:01.449582', NULL, b'1', 7, 9, 675),
(681, '2022-04-08 08:45:04.578710', NULL, b'1', 12, 15, 675),
(694, '2022-04-08 09:21:44.962470', 'Выделенная фраза не описывает ни один из элементов данных', b'0', 1, 1, 693),
(696, '2022-04-08 09:26:00.007167', 'Выделенная фраза не описывает ни один из элементов данных', b'0', 1, 1, 695),
(704, '2022-04-08 09:40:26.947756', NULL, b'1', 12, 15, 703),
(709, '2022-04-08 09:56:04.549880', NULL, b'1', 2, 4, 708),
(710, '2022-04-08 09:56:08.541833', NULL, b'1', 6, 8, 708),
(711, '2022-04-08 09:56:11.571825', NULL, b'1', 10, 11, 708),
(719, '2022-04-08 09:59:21.940753', 'Выделенная фраза не описывает ни один из элементов данных', b'0', 10, 11, 718),
(720, '2022-04-08 09:59:30.122711', 'Выделенная фраза не описывает ни один из элементов данных', b'0', 4, 5, 718),
(721, '2022-04-08 09:59:36.086426', 'Выделенная фраза не описывает ни один из элементов данных', b'0', 1, 1, 718),
(723, '2022-04-08 10:12:30.154271', 'Выделенная фраза не описывает ни один из элементов данных', b'0', 10, 12, 722),
(726, '2022-04-08 10:15:10.279353', 'Выделенная фраза не описывает ни один из элементов данных', b'0', 1, 1, 725),
(727, '2022-04-08 10:15:14.613684', 'Выделенная фраза не описывает ни один из элементов данных', b'0', 1, 2, 725),
(728, '2022-04-08 10:15:20.460006', 'Выделенная фраза не описывает ни один из элементов данных', b'0', 1, 1, 725),
(729, '2022-04-08 10:15:26.824414', 'Выделенная фраза не описывает ни один из элементов данных', b'0', 4, 5, 725),
(730, '2022-04-08 10:15:31.755667', 'Выделенная фраза не описывает ни один из элементов данных', b'0', 10, 12, 725),
(731, '2022-04-08 10:15:36.187922', 'Выделенная фраза не описывает ни один из элементов данных', b'0', 10, 14, 725),
(732, '2022-04-08 10:15:40.134672', 'Выделена слишком длинная фраза', b'0', 10, 15, 725),
(733, '2022-04-08 10:15:55.109372', 'Выделена слишком длинная фраза', b'0', 7, 10, 725),
(735, '2022-04-08 10:17:59.744784', 'Выделенная фраза не описывает ни один из элементов данных', b'0', 1, 1, 734),
(736, '2022-04-08 10:18:05.087361', 'Выделенная фраза не описывает ни один из элементов данных', b'0', 4, 5, 734),
(737, '2022-04-08 10:18:08.921162', 'Выделенная фраза не описывает ни один из элементов данных', b'0', 4, 7, 734),
(738, '2022-04-08 10:18:15.836351', 'Выделенная фраза не описывает ни один из элементов данных', b'0', 10, 12, 734),
(739, '2022-04-08 10:18:20.915949', 'Выделенная фраза не описывает ни один из элементов данных', b'0', 9, 11, 734),
(740, '2022-04-08 10:18:25.443626', 'Выделенная фраза не описывает ни один из элементов данных', b'0', 9, 12, 734),
(741, '2022-04-08 10:18:30.286314', 'Выделена слишком длинная фраза', b'0', 9, 15, 734),
(742, '2022-04-08 10:18:35.275333', 'Выделенная фраза не описывает ни один из элементов данных', b'0', 5, 7, 734),
(743, '2022-04-08 10:18:39.771185', 'Выделенная фраза не описывает ни один из элементов данных', b'0', 3, 5, 734),
(744, '2022-04-08 10:18:43.605733', 'Выделена слишком длинная фраза', b'0', 1, 5, 734),
(745, '2022-04-08 10:18:51.131129', 'Выделенная фраза не описывает ни один из элементов данных', b'0', 10, 12, 734),
(746, '2022-04-08 10:18:55.860273', 'Выделена слишком длинная фраза', b'0', 9, 15, 734),
(747, '2022-04-08 10:18:59.619569', 'Выделенная фраза не описывает ни один из элементов данных', b'0', 9, 9, 734),
(748, '2022-04-08 10:19:03.501259', 'Выделенная фраза не описывает ни один из элементов данных', b'0', 11, 12, 734),
(749, '2022-04-08 10:19:08.188916', 'Выделена слишком короткая фраза - она описывает один элемент данных частично', b'0', 13, 15, 734),
(750, '2022-04-08 10:19:12.148004', 'Выделенная фраза не описывает ни один из элементов данных', b'0', 4, 5, 734),
(751, '2022-04-08 10:19:18.052259', 'Выделенная фраза не описывает ни один из элементов данных', b'0', 1, 1, 734),
(752, '2022-04-08 10:19:21.933174', 'Выделена слишком длинная фраза', b'0', 1, 3, 734),
(754, '2022-04-08 10:28:50.526513', 'Выделена слишком длинная фраза', b'0', 1, 5, 753),
(755, '2022-04-08 10:28:54.263678', 'Выделенная фраза не описывает ни один из элементов данных', b'0', 10, 11, 753),
(756, '2022-04-08 10:28:57.828340', 'Выделена слишком короткая фраза - она описывает один элемент данных частично', b'0', 13, 15, 753),
(757, '2022-04-08 10:29:02.314445', NULL, b'1', 2, 3, 753),
(758, '2022-04-08 10:29:07.259129', 'Выделена слишком длинная фраза', b'0', 6, 9, 753),
(759, '2022-04-08 10:29:14.721262', NULL, b'1', 7, 9, 753),
(760, '2022-04-08 10:29:21.396211', 'Выделена слишком короткая фраза - она описывает один элемент данных частично', b'0', 13, 15, 753),
(761, '2022-04-08 10:29:26.169261', NULL, b'1', 12, 15, 753),
(769, '2022-04-08 10:48:43.931831', 'Выделена слишком длинная фраза', b'0', 1, 4, 768),
(770, '2022-04-08 10:48:47.540248', NULL, b'1', 2, 3, 768),
(771, '2022-04-08 10:48:51.539766', NULL, b'1', 7, 9, 768),
(772, '2022-04-08 10:48:54.772992', NULL, b'1', 12, 15, 768),
(782, '2022-04-08 10:53:06.635080', NULL, b'1', 2, 3, 781),
(783, '2022-04-08 10:53:11.717783', NULL, b'1', 7, 9, 781),
(784, '2022-04-08 10:53:15.675356', NULL, b'1', 12, 15, 781),
(792, '2022-04-08 10:56:03.938153', NULL, b'1', 2, 3, 791),
(793, '2022-04-08 10:56:07.357467', NULL, b'1', 7, 9, 791),
(794, '2022-04-08 10:56:11.995078', 'Выделена слишком длинная фраза', b'0', 11, 15, 791),
(795, '2022-04-08 10:56:16.628166', NULL, b'1', 12, 15, 791),
(803, '2022-04-08 11:44:46.129703', 'Выделена слишком длинная фраза', b'0', 1, 4, 802),
(804, '2022-04-08 11:44:52.805884', NULL, b'1', 2, 3, 802),
(805, '2022-04-08 11:44:57.511855', NULL, b'1', 7, 9, 802),
(806, '2022-04-08 11:45:00.396987', NULL, b'1', 12, 15, 802),
(814, '2022-04-08 12:01:10.464953', NULL, b'1', 2, 3, 813),
(815, '2022-04-08 12:01:14.312121', NULL, b'1', 7, 9, 813),
(816, '2022-04-08 12:01:18.506909', NULL, b'1', 12, 15, 813),
(824, '2022-04-08 13:14:57.920576', NULL, b'1', 2, 3, 823),
(825, '2022-04-08 13:15:02.672784', 'Выделена слишком длинная фраза', b'0', 4, 9, 823),
(826, '2022-04-08 13:15:07.626420', NULL, b'1', 7, 9, 823),
(827, '2022-04-08 13:15:12.038449', NULL, b'1', 12, 15, 823),
(835, '2022-04-08 13:17:15.762908', NULL, b'1', 2, 3, 834),
(836, '2022-04-08 13:17:20.118614', NULL, b'1', 7, 9, 834),
(837, '2022-04-08 13:17:23.262136', NULL, b'1', 12, 15, 834),
(846, '2022-04-08 13:19:37.335418', NULL, b'1', 2, 3, 845),
(847, '2022-04-08 13:19:40.406268', NULL, b'1', 7, 9, 845),
(848, '2022-04-08 13:19:43.579546', NULL, b'1', 12, 15, 845),
(856, '2022-04-10 08:51:12.028337', NULL, b'1', 2, 3, 855),
(857, '2022-04-10 08:51:15.432756', 'Повторно выделен элемент', b'0', 2, 3, 855),
(858, '2022-04-10 08:51:34.659860', 'Выделенная фраза не описывает ни один из элементов данных', b'0', 10, 10, 855),
(859, '2022-04-10 08:51:45.969815', NULL, b'1', 7, 9, 855),
(860, '2022-04-10 08:51:50.045596', NULL, b'1', 12, 15, 855),
(868, '2022-04-10 09:09:29.674510', 'Выделена слишком длинная фраза', b'0', 2, 7, 867),
(869, '2022-04-10 09:09:35.594393', 'Выделена слишком длинная фраза', b'0', 1, 8, 867),
(870, '2022-04-10 09:09:40.478836', NULL, b'1', 2, 3, 867),
(871, '2022-04-10 09:09:52.941322', NULL, b'1', 7, 9, 867),
(872, '2022-04-10 09:09:57.148784', NULL, b'1', 12, 15, 867),
(881, '2022-04-10 09:14:19.992849', NULL, b'1', 2, 3, 880),
(882, '2022-04-10 09:14:24.499247', NULL, b'1', 7, 9, 880),
(883, '2022-04-10 09:14:28.093310', NULL, b'1', 12, 15, 880),
(891, '2022-04-10 09:25:32.562075', 'Выделена слишком длинная фраза', b'0', 2, 4, 890),
(892, '2022-04-10 09:25:37.327796', 'Выделена слишком длинная фраза', b'0', 2, 8, 890),
(893, '2022-04-10 09:25:41.921922', 'Выделена слишком длинная фраза', b'0', 2, 7, 890),
(894, '2022-04-10 09:25:47.719614', 'Выделена слишком длинная фраза', b'0', 1, 3, 890),
(895, '2022-04-10 09:25:52.549204', NULL, b'1', 2, 3, 890),
(896, '2022-04-10 09:25:57.304665', NULL, b'1', 7, 9, 890),
(897, '2022-04-10 09:26:00.295568', 'Выделена слишком длинная фраза', b'0', 11, 15, 890),
(898, '2022-04-10 09:26:04.470722', 'Выделенная фраза не описывает ни один из элементов данных', b'0', 12, 14, 890),
(899, '2022-04-10 09:26:11.498852', NULL, b'1', 12, 15, 890),
(908, '2022-04-10 09:52:02.030825', NULL, b'1', 2, 3, 907),
(909, '2022-04-10 09:52:06.714530', NULL, b'1', 7, 9, 907),
(910, '2022-04-10 09:52:10.559338', NULL, b'1', 12, 15, 907),
(920, '2022-04-10 09:58:53.306055', NULL, b'1', 2, 3, 919),
(921, '2022-04-10 09:58:57.266357', NULL, b'1', 7, 9, 919),
(922, '2022-04-10 09:59:00.254557', NULL, b'1', 12, 15, 919),
(930, '2022-04-10 10:03:02.082461', NULL, b'1', 2, 3, 929),
(931, '2022-04-10 10:03:06.490909', NULL, b'1', 7, 9, 929),
(932, '2022-04-10 10:03:09.206354', NULL, b'1', 12, 15, 929),
(941, '2022-04-10 10:15:37.490520', NULL, b'1', 2, 3, 940),
(942, '2022-04-10 10:15:41.493759', NULL, b'1', 7, 9, 940),
(943, '2022-04-10 10:15:44.829930', NULL, b'1', 12, 15, 940),
(951, '2022-04-10 10:18:45.656998', NULL, b'1', 2, 3, 950),
(952, '2022-04-10 10:18:50.181394', NULL, b'1', 7, 9, 950),
(953, '2022-04-10 10:18:54.003682', NULL, b'1', 12, 15, 950),
(962, '2022-04-10 10:22:00.224226', NULL, b'1', 2, 3, 961),
(963, '2022-04-10 10:22:03.709664', NULL, b'1', 7, 9, 961),
(964, '2022-04-10 10:22:07.355710', NULL, b'1', 12, 15, 961),
(972, '2022-04-10 10:26:13.451335', NULL, b'1', 2, 3, 971),
(973, '2022-04-10 10:26:17.446399', NULL, b'1', 7, 9, 971),
(974, '2022-04-10 10:26:20.356053', NULL, b'1', 12, 15, 971),
(983, '2022-04-10 10:40:43.824128', NULL, b'1', 2, 3, 982),
(984, '2022-04-10 10:40:47.923719', NULL, b'1', 7, 9, 982),
(985, '2022-04-10 10:40:51.594348', NULL, b'1', 12, 15, 982),
(994, '2022-04-10 10:46:41.831106', NULL, b'1', 2, 3, 993),
(995, '2022-04-10 10:46:45.866060', NULL, b'1', 7, 9, 993),
(996, '2022-04-10 10:46:48.656082', NULL, b'1', 12, 15, 993),
(1005, '2022-04-10 11:02:02.458911', NULL, b'1', 2, 3, 1004),
(1006, '2022-04-10 11:02:05.980637', NULL, b'1', 7, 9, 1004),
(1007, '2022-04-10 11:02:09.343346', NULL, b'1', 12, 15, 1004),
(1016, '2022-04-10 11:07:20.958124', NULL, b'1', 2, 3, 1015),
(1017, '2022-04-10 11:07:25.096748', NULL, b'1', 7, 9, 1015),
(1018, '2022-04-10 11:07:29.072794', NULL, b'1', 12, 15, 1015),
(1026, '2022-04-10 13:38:50.586614', NULL, b'1', 2, 3, 1025),
(1027, '2022-04-10 13:38:53.998026', NULL, b'1', 7, 9, 1025),
(1028, '2022-04-10 13:38:58.364016', NULL, b'1', 12, 15, 1025),
(1036, '2022-04-10 13:43:38.489598', NULL, b'1', 2, 3, 1035),
(1037, '2022-04-10 13:43:51.812541', 'Выделена слишком длинная фраза', b'0', 6, 9, 1035),
(1038, '2022-04-10 13:44:00.767712', NULL, b'1', 7, 9, 1035),
(1039, '2022-04-10 13:44:06.456951', NULL, b'1', 12, 15, 1035),
(1047, '2022-04-10 13:48:16.690112', NULL, b'1', 2, 3, 1046),
(1048, '2022-04-10 13:48:20.078443', NULL, b'1', 7, 9, 1046),
(1049, '2022-04-10 13:48:23.018990', NULL, b'1', 12, 15, 1046),
(1057, '2022-04-10 14:17:28.521783', NULL, b'1', 2, 3, 1056),
(1058, '2022-04-10 14:17:32.265783', NULL, b'1', 7, 9, 1056),
(1059, '2022-04-10 14:17:35.702760', NULL, b'1', 12, 15, 1056),
(1067, '2022-04-10 14:34:15.403911', NULL, b'1', 2, 3, 1066),
(1068, '2022-04-10 14:34:19.633917', NULL, b'1', 7, 9, 1066),
(1069, '2022-04-10 14:34:23.356839', NULL, b'1', 12, 15, 1066),
(1077, '2022-04-10 14:52:23.272338', NULL, b'1', 2, 2, 1076),
(1078, '2022-04-10 14:52:26.557230', NULL, b'1', 3, 5, 1076),
(1079, '2022-04-10 14:52:29.040744', NULL, b'1', 7, 9, 1076),
(1087, '2022-04-10 14:57:52.818562', NULL, b'1', 2, 2, 1086),
(1088, '2022-04-10 14:57:56.627692', NULL, b'1', 3, 5, 1086),
(1089, '2022-04-10 14:57:59.515151', NULL, b'1', 7, 9, 1086),
(1097, '2022-04-11 05:58:14.408363', NULL, b'1', 2, 3, 1096),
(1098, '2022-04-11 05:58:18.743365', NULL, b'1', 7, 9, 1096),
(1099, '2022-04-11 05:58:22.096308', NULL, b'1', 12, 15, 1096),
(1108, '2022-04-11 06:04:00.201035', 'Выделена слишком длинная фраза', b'0', 2, 7, 1107),
(1109, '2022-04-11 06:04:04.618975', 'Выделенная фраза не описывает ни один из элементов данных', b'0', 3, 6, 1107),
(1110, '2022-04-11 06:04:09.377687', 'Выделена слишком длинная фраза', b'0', 1, 3, 1107),
(1111, '2022-04-11 06:04:13.086393', NULL, b'1', 2, 3, 1107),
(1112, '2022-04-11 06:04:18.367295', NULL, b'1', 7, 9, 1107),
(1113, '2022-04-11 06:04:22.659622', NULL, b'1', 12, 15, 1107),
(1122, '2022-04-11 06:32:40.068393', NULL, b'1', 2, 3, 1121),
(1123, '2022-04-11 06:32:44.265489', NULL, b'1', 7, 9, 1121),
(1124, '2022-04-11 06:32:47.544202', NULL, b'1', 12, 15, 1121),
(1132, '2022-04-11 06:33:46.344908', NULL, b'1', 2, 3, 1131),
(1133, '2022-04-11 06:33:49.719742', NULL, b'1', 7, 9, 1131),
(1134, '2022-04-11 06:33:53.893349', NULL, b'1', 12, 15, 1131),
(1142, '2022-04-11 06:42:48.216689', NULL, b'1', 2, 3, 1141),
(1143, '2022-04-11 06:42:51.498564', NULL, b'1', 7, 9, 1141),
(1144, '2022-04-11 06:42:54.439426', NULL, b'1', 12, 15, 1141),
(1152, '2022-04-11 06:46:59.671929', NULL, b'1', 2, 3, 1151),
(1153, '2022-04-11 06:47:04.303521', NULL, b'1', 7, 9, 1151),
(1154, '2022-04-11 06:47:08.071688', NULL, b'1', 12, 15, 1151),
(1162, '2022-04-11 07:43:13.990473', NULL, b'1', 2, 3, 1161),
(1163, '2022-04-11 07:43:17.466331', NULL, b'1', 7, 9, 1161),
(1164, '2022-04-11 07:43:21.168670', NULL, b'1', 12, 15, 1161),
(1172, '2022-04-11 09:18:18.725132', NULL, b'1', 2, 3, 1171),
(1173, '2022-04-11 09:18:26.743883', NULL, b'1', 7, 9, 1171),
(1174, '2022-04-11 09:18:30.471058', NULL, b'1', 12, 15, 1171),
(1183, '2022-04-11 09:22:18.713333', NULL, b'1', 2, 3, 1182),
(1184, '2022-04-11 09:22:22.480703', NULL, b'1', 7, 9, 1182),
(1185, '2022-04-11 09:22:25.116928', NULL, b'1', 12, 15, 1182),
(1195, '2022-04-11 09:28:10.531105', NULL, b'1', 2, 3, 1194),
(1196, '2022-04-11 09:28:15.560027', NULL, b'1', 7, 9, 1194),
(1197, '2022-04-11 09:28:18.756495', NULL, b'1', 12, 15, 1194),
(1206, '2022-04-11 09:31:57.570614', NULL, b'1', 2, 3, 1205),
(1207, '2022-04-11 09:32:01.240788', NULL, b'1', 7, 9, 1205),
(1208, '2022-04-11 09:32:04.269625', NULL, b'1', 12, 15, 1205),
(1217, '2022-04-11 09:34:41.727051', NULL, b'1', 2, 3, 1216),
(1218, '2022-04-11 09:34:45.159076', NULL, b'1', 7, 9, 1216),
(1219, '2022-04-11 09:34:47.597338', NULL, b'1', 12, 15, 1216),
(1227, '2022-04-11 09:36:49.439560', NULL, b'1', 2, 3, 1226),
(1228, '2022-04-11 09:36:54.240099', NULL, b'1', 7, 9, 1226),
(1229, '2022-04-11 09:36:57.310075', NULL, b'1', 12, 15, 1226),
(1237, '2022-04-11 09:49:48.535697', NULL, b'1', 2, 3, 1236),
(1238, '2022-04-11 09:49:51.862677', NULL, b'1', 7, 9, 1236),
(1239, '2022-04-11 09:49:55.330630', NULL, b'1', 12, 15, 1236),
(1247, '2022-04-11 09:57:17.679172', NULL, b'1', 2, 3, 1246),
(1248, '2022-04-11 09:57:21.933300', NULL, b'1', 7, 9, 1246),
(1249, '2022-04-11 09:57:29.453581', NULL, b'1', 12, 15, 1246),
(1259, '2022-04-11 10:17:10.834467', NULL, b'1', 2, 3, 1258),
(1260, '2022-04-11 10:17:14.985198', NULL, b'1', 7, 9, 1258),
(1261, '2022-04-11 10:17:17.864910', NULL, b'1', 12, 15, 1258),
(1270, '2022-04-11 11:00:53.662257', 'Выделенная фраза не описывает ни один из элементов данных', b'0', 5, 7, 1269),
(1271, '2022-04-11 11:01:04.127074', 'Выделенная фраза не описывает ни один из элементов данных', b'0', 8, 11, 1269),
(1272, '2022-04-11 11:01:09.791289', NULL, b'1', 2, 3, 1269),
(1273, '2022-04-11 11:01:37.909263', 'Выделенная фраза не описывает ни один из элементов данных', b'0', 8, 9, 1269),
(1274, '2022-04-11 11:01:46.725241', 'Выделенная фраза не описывает ни один из элементов данных', b'0', 8, 9, 1269),
(1275, '2022-04-11 11:01:53.271225', NULL, b'1', 7, 9, 1269),
(1276, '2022-04-11 11:01:59.935368', 'Выделенная фраза не описывает ни один из элементов данных', b'0', 12, 12, 1269),
(1277, '2022-04-11 11:02:10.444395', 'Выделенная фраза не описывает ни один из элементов данных', b'0', 12, 13, 1269),
(1278, '2022-04-11 11:02:17.751182', NULL, b'1', 12, 15, 1269),
(1292, '2022-04-11 11:37:47.156790', NULL, b'1', 2, 3, 1291),
(1293, '2022-04-11 11:37:52.973245', NULL, b'1', 7, 9, 1291),
(1294, '2022-04-11 11:37:56.224544', NULL, b'1', 12, 15, 1291),
(1302, '2022-04-11 11:38:40.428142', NULL, b'1', 2, 3, 1301),
(1303, '2022-04-11 11:38:44.633151', NULL, b'1', 7, 9, 1301),
(1304, '2022-04-11 11:38:49.653656', NULL, b'1', 12, 15, 1301),
(1313, '2022-04-11 11:40:33.067937', NULL, b'1', 2, 3, 1312),
(1314, '2022-04-11 11:40:37.454940', NULL, b'1', 7, 9, 1312),
(1315, '2022-04-11 11:40:40.189540', NULL, b'1', 12, 15, 1312),
(1324, '2022-04-11 11:42:06.134786', NULL, b'1', 2, 3, 1323),
(1325, '2022-04-11 11:42:09.786460', NULL, b'1', 7, 9, 1323),
(1326, '2022-04-11 11:42:13.820820', NULL, b'1', 12, 15, 1323),
(1335, '2022-04-11 11:57:54.315609', NULL, b'1', 2, 3, 1334),
(1336, '2022-04-11 11:58:00.250830', NULL, b'1', 7, 9, 1334),
(1337, '2022-04-11 11:58:08.401257', NULL, b'1', 12, 15, 1334),
(1345, '2022-04-11 12:02:17.115419', NULL, b'1', 2, 3, 1344),
(1346, '2022-04-11 12:02:21.725417', NULL, b'1', 7, 9, 1344),
(1347, '2022-04-11 12:02:26.612943', NULL, b'1', 12, 15, 1344),
(1355, '2022-04-11 12:09:50.989731', NULL, b'1', 2, 3, 1354),
(1356, '2022-04-11 12:09:55.304527', NULL, b'1', 7, 9, 1354),
(1357, '2022-04-11 12:09:59.903539', NULL, b'1', 12, 15, 1354),
(1365, '2022-04-11 13:24:01.318899', NULL, b'1', 2, 3, 1364),
(1366, '2022-04-11 13:24:06.562628', NULL, b'1', 7, 9, 1364),
(1367, '2022-04-11 13:24:11.480554', NULL, b'1', 12, 15, 1364),
(1375, '2022-04-11 13:26:45.118550', NULL, b'1', 2, 3, 1374),
(1376, '2022-04-11 13:26:50.788122', NULL, b'1', 7, 9, 1374),
(1377, '2022-04-11 13:26:54.291038', NULL, b'1', 12, 15, 1374),
(1385, '2022-04-11 13:34:26.816540', NULL, b'1', 2, 3, 1384),
(1386, '2022-04-11 13:34:31.131615', NULL, b'1', 7, 9, 1384),
(1387, '2022-04-11 13:34:37.337894', NULL, b'1', 12, 15, 1384),
(1396, '2022-04-11 13:36:24.428481', NULL, b'1', 2, 3, 1395),
(1397, '2022-04-11 13:36:29.403215', NULL, b'1', 7, 9, 1395),
(1398, '2022-04-11 13:36:38.358553', NULL, b'1', 12, 15, 1395),
(1407, '2022-04-11 20:48:53.855002', NULL, b'1', 2, 4, 1406),
(1408, '2022-04-11 20:48:57.825595', NULL, b'1', 6, 8, 1406),
(1409, '2022-04-11 20:49:01.323148', NULL, b'1', 10, 11, 1406),
(1417, '2022-04-11 20:54:32.030925', NULL, b'1', 2, 4, 1416),
(1418, '2022-04-11 20:54:35.324568', NULL, b'1', 6, 8, 1416),
(1419, '2022-04-11 20:54:38.706808', NULL, b'1', 10, 11, 1416);

-- --------------------------------------------------------

--
-- Структура таблицы `answer_element_direction`
--

CREATE TABLE `answer_element_direction` (
  `id` bigint(20) NOT NULL,
  `date_time` datetime(6) DEFAULT NULL,
  `direction` int(11) DEFAULT NULL,
  `element_id` bigint(20) DEFAULT NULL,
  `student_id` bigint(20) DEFAULT NULL
) ENGINE=InnoDB DEFAULT CHARSET=utf8 COLLATE=utf8_unicode_ci;

--
-- Дамп данных таблицы `answer_element_direction`
--

INSERT INTO `answer_element_direction` (`id`, `date_time`, `direction`, `element_id`, `student_id`) VALUES
(69, '2022-04-05 09:56:21.856939', 1, 1, 65),
(70, '2022-04-05 09:56:24.653202', 1, 2, 65),
(71, '2022-04-05 09:56:38.708374', 2, 2, 65),
(72, '2022-04-05 09:56:40.557406', 2, 3, 65),
(73, '2022-04-05 09:56:42.213395', 0, 3, 65),
(74, '2022-04-05 09:56:44.133800', 0, 2, 65),
(79, '2022-04-05 10:16:28.806212', 1, 1, 75),
(80, '2022-04-05 10:16:30.940148', 0, 2, 75),
(81, '2022-04-05 10:16:32.780668', 0, 3, 75),
(86, '2022-04-05 10:18:05.214996', 1, 1, 82),
(87, '2022-04-05 10:18:07.355030', 0, 2, 82),
(88, '2022-04-05 10:18:09.236028', 0, 3, 82),
(93, '2022-04-05 10:34:08.932890', 0, 1, 89),
(94, '2022-04-05 10:34:13.114242', 1, 1, 89),
(95, '2022-04-05 10:34:15.412192', 0, 2, 89),
(96, '2022-04-05 10:34:17.419232', 0, 3, 89),
(101, '2022-04-05 10:37:02.316927', 1, 1, 97),
(102, '2022-04-05 10:37:04.370921', 0, 2, 97),
(103, '2022-04-05 10:37:06.082676', 0, 3, 97),
(110, '2022-04-05 10:41:05.564242', 1, 1, 106),
(111, '2022-04-05 10:41:07.944298', 0, 2, 106),
(112, '2022-04-05 10:41:09.944481', 0, 3, 106),
(121, '2022-04-05 11:29:12.149001', 1, 1, 117),
(122, '2022-04-05 11:29:14.298921', 0, 2, 117),
(123, '2022-04-05 11:29:16.084055', 0, 3, 117),
(131, '2022-04-05 13:04:36.738625', 1, 1, 127),
(132, '2022-04-05 13:04:39.033131', 0, 2, 127),
(133, '2022-04-05 13:04:41.241342', 0, 3, 127),
(140, '2022-04-05 17:07:41.340864', 1, 1, 136),
(141, '2022-04-05 17:07:43.360605', 0, 2, 136),
(142, '2022-04-05 17:07:45.504324', 0, 3, 136),
(148, '2022-04-05 17:16:24.098139', 1, 1, 144),
(149, '2022-04-05 17:16:25.974891', 0, 2, 144),
(150, '2022-04-05 17:16:27.959456', 0, 3, 144),
(155, '2022-04-05 17:52:00.479408', 1, 1, 151),
(156, '2022-04-05 17:52:02.508167', 0, 2, 151),
(157, '2022-04-05 17:52:04.317483', 0, 3, 151),
(163, '2022-04-05 18:19:06.880183', 1, 1, 158),
(164, '2022-04-05 18:19:08.711976', 0, 2, 158),
(165, '2022-04-05 18:19:10.808153', 0, 3, 158),
(170, '2022-04-05 18:21:22.002938', 1, 1, 166),
(171, '2022-04-05 18:21:23.936042', 0, 2, 166),
(172, '2022-04-05 18:21:25.968929', 0, 3, 166),
(177, '2022-04-05 18:22:01.999865', 1, 1, 173),
(178, '2022-04-05 18:22:03.967665', 0, 2, 173),
(179, '2022-04-05 18:22:05.790974', 0, 3, 173),
(184, '2022-04-05 18:26:25.210913', 1, 1, 180),
(185, '2022-04-05 18:26:27.833301', 0, 2, 180),
(186, '2022-04-05 18:26:29.777843', 0, 3, 180),
(191, '2022-04-05 19:23:24.451279', 1, 1, 187),
(192, '2022-04-05 19:23:26.234066', 0, 2, 187),
(193, '2022-04-05 19:23:27.969573', 1, 3, 187),
(194, '2022-04-05 19:23:30.794352', 0, 3, 187),
(204, '2022-04-06 10:47:10.122390', 0, 2, 198),
(205, '2022-04-06 10:47:15.338433', 2, 3, 198),
(206, '2022-04-06 10:47:24.477904', 0, 1, 198),
(207, '2022-04-06 10:47:46.565752', 0, 3, 198),
(208, '2022-04-06 10:47:51.769983', 1, 1, 198),
(217, '2022-04-06 11:43:59.493238', 1, 1, 213),
(218, '2022-04-06 11:44:01.757216', 0, 2, 213),
(219, '2022-04-06 11:44:04.100873', 0, 3, 213),
(229, '2022-04-06 14:14:42.451526', 1, 1, 225),
(230, '2022-04-06 14:14:44.709843', 0, 2, 225),
(231, '2022-04-06 14:14:46.967533', 0, 3, 225),
(253, '2022-04-06 16:51:19.696167', 1, 4, 249),
(254, '2022-04-06 16:51:21.029365', 0, 4, 249),
(255, '2022-04-06 16:51:22.773998', 0, 6, 249),
(256, '2022-04-06 16:51:24.614075', 1, 7, 249),
(261, '2022-04-06 17:38:56.290859', 1, 7, 257),
(262, '2022-04-06 17:38:58.000932', 1, 4, 257),
(263, '2022-04-06 17:38:59.551660', 0, 4, 257),
(264, '2022-04-06 17:39:02.048435', 0, 6, 257),
(270, '2022-04-06 21:38:09.448202', 1, 7, 266),
(271, '2022-04-06 21:38:11.398197', 0, 4, 266),
(272, '2022-04-06 21:38:13.476161', 0, 6, 266),
(280, '2022-04-06 21:42:16.083399', 0, 7, 276),
(281, '2022-04-06 21:42:18.196757', 1, 7, 276),
(282, '2022-04-06 21:42:20.396561', 0, 4, 276),
(283, '2022-04-06 21:42:22.925756', 0, 6, 276),
(291, '2022-04-06 21:44:49.435410', 1, 7, 287),
(292, '2022-04-06 21:44:51.834424', 0, 4, 287),
(293, '2022-04-06 21:44:54.204573', 0, 6, 287),
(301, '2022-04-06 21:45:58.660331', 0, 7, 297),
(302, '2022-04-06 21:46:00.963343', 1, 7, 297),
(303, '2022-04-06 21:46:03.228733', 0, 4, 297),
(304, '2022-04-06 21:46:05.100336', 0, 6, 297),
(312, '2022-04-06 21:52:20.365621', 1, 7, 308),
(313, '2022-04-06 21:52:22.619637', 0, 4, 308),
(314, '2022-04-06 21:52:24.556620', 0, 6, 308),
(322, '2022-04-07 08:19:20.105718', 1, 1, 318),
(323, '2022-04-07 08:19:22.103077', 0, 2, 318),
(324, '2022-04-07 08:19:23.909912', 0, 3, 318),
(333, '2022-04-07 08:22:30.144499', 1, 1, 329),
(334, '2022-04-07 08:22:31.900368', 0, 2, 329),
(335, '2022-04-07 08:22:33.901054', 0, 3, 329),
(344, '2022-04-07 08:28:08.557932', 1, NULL, 340),
(345, '2022-04-07 08:28:13.875339', 2, NULL, 340),
(346, '2022-04-07 08:28:28.819888', 1, NULL, 340),
(347, '2022-04-07 08:28:30.622022', 0, 4, 340),
(348, '2022-04-07 08:28:32.508673', 0, 6, 340),
(349, '2022-04-07 08:28:36.907339', 2, NULL, 340),
(354, '2022-04-07 08:29:03.326416', 1, 7, 350),
(355, '2022-04-07 08:29:05.237810', 0, 4, 350),
(356, '2022-04-07 08:29:06.972828', 0, 6, 350),
(364, '2022-04-07 08:32:37.294458', 1, 1, 360),
(365, '2022-04-07 08:32:39.213361', 0, 2, 360),
(366, '2022-04-07 08:32:41.211766', 0, 3, 360),
(376, '2022-04-07 08:39:35.920678', 1, 4, 371),
(377, '2022-04-07 08:39:37.714509', 0, 4, 371),
(378, '2022-04-07 08:39:39.634576', 0, 6, 371),
(379, '2022-04-07 08:39:41.643408', 0, NULL, 371),
(380, '2022-04-07 08:39:43.578874', 1, NULL, 371),
(385, '2022-04-07 08:45:17.429975', 1, 7, 381),
(386, '2022-04-07 08:45:20.883806', 0, 4, 381),
(387, '2022-04-07 08:45:23.379282', 0, 6, 381),
(395, '2022-04-07 08:49:24.237321', 0, 4, 391),
(396, '2022-04-07 08:49:26.033440', 0, 6, 391),
(397, '2022-04-07 08:49:28.058696', 1, 7, 391),
(406, '2022-04-07 09:02:03.940688', 1, 7, 402),
(407, '2022-04-07 09:02:06.448405', 0, 4, 402),
(408, '2022-04-07 09:02:08.472963', 0, 6, 402),
(417, '2022-04-07 09:07:43.556298', 1, 7, 412),
(418, '2022-04-07 09:07:45.736253', 0, 4, 412),
(419, '2022-04-07 09:07:48.089330', 1, 6, 412),
(420, '2022-04-07 09:07:50.225232', 0, 6, 412),
(428, '2022-04-07 09:15:00.713795', 1, 7, 424),
(429, '2022-04-07 09:15:03.311882', 0, 4, 424),
(430, '2022-04-07 09:15:05.367415', 2, 6, 424),
(431, '2022-04-07 09:15:06.919326', 0, 6, 424),
(439, '2022-04-07 09:29:38.713100', 1, 7, 435),
(440, '2022-04-07 09:29:40.629505', 0, 4, 435),
(441, '2022-04-07 09:29:42.397093', 0, 6, 435),
(449, '2022-04-07 09:41:23.702590', 1, 7, 445),
(450, '2022-04-07 09:41:25.613829', 0, 4, 445),
(451, '2022-04-07 09:41:27.444824', 0, 6, 445),
(459, '2022-04-07 09:43:55.630337', 0, 7, 455),
(460, '2022-04-07 09:43:57.309540', 1, 7, 455),
(461, '2022-04-07 09:43:59.397825', 0, 4, 455),
(462, '2022-04-07 09:44:01.300688', 0, 6, 455),
(470, '2022-04-07 09:57:53.711942', 1, 7, 466),
(471, '2022-04-07 09:57:55.622631', 0, 4, 466),
(472, '2022-04-07 09:57:57.893970', 0, 6, 466),
(484, '2022-04-07 10:11:50.879381', 1, 7, 480),
(485, '2022-04-07 10:11:52.685274', 0, 4, 480),
(486, '2022-04-07 10:11:54.316940', 0, 6, 480),
(494, '2022-04-07 10:17:22.111019', 0, 7, 490),
(495, '2022-04-07 10:17:24.994426', 1, 7, 490),
(496, '2022-04-07 10:17:26.763998', 0, 4, 490),
(497, '2022-04-07 10:17:28.636726', 0, 6, 490),
(505, '2022-04-07 11:20:09.055792', 1, 7, 501),
(506, '2022-04-07 11:20:10.999201', 0, 4, 501),
(507, '2022-04-07 11:20:12.684786', 0, 6, 501),
(515, '2022-04-07 11:25:50.687580', 1, 7, 511),
(516, '2022-04-07 11:25:53.171687', 0, 4, 511),
(517, '2022-04-07 11:25:54.941183', 0, 6, 511),
(525, '2022-04-07 11:27:22.862860', 1, 7, 521),
(526, '2022-04-07 11:27:24.900365', 0, 4, 521),
(527, '2022-04-07 11:27:27.037141', 0, 6, 521),
(535, '2022-04-07 11:43:42.754429', 0, 8, 531),
(536, '2022-04-07 11:43:44.643213', 1, 8, 531),
(537, '2022-04-07 11:43:46.241413', 2, 8, 531),
(538, '2022-04-07 11:43:59.369500', 0, 9, 531),
(539, '2022-04-07 11:44:01.386191', 1, 10, 531),
(540, '2022-04-07 11:44:26.794146', 0, 8, 531),
(541, '2022-04-07 11:44:28.442145', 2, 8, 531),
(546, '2022-04-07 11:48:20.779914', 0, 8, 542),
(547, '2022-04-07 11:48:22.769530', 1, 8, 542),
(548, '2022-04-07 11:48:28.785828', 0, 8, 542),
(549, '2022-04-07 11:48:31.841627', 2, 8, 542),
(550, '2022-04-07 11:48:34.474906', 1, 9, 542),
(551, '2022-04-07 11:48:38.592860', 0, 9, 542),
(552, '2022-04-07 11:48:40.673185', 0, 10, 542),
(553, '2022-04-07 11:48:42.330901', 1, 10, 542),
(558, '2022-04-07 12:00:34.234395', 1, 8, 554),
(559, '2022-04-07 12:00:36.042537', 2, 8, 554),
(560, '2022-04-07 12:00:37.897512', 0, 9, 554),
(561, '2022-04-07 12:00:39.705552', 0, 10, 554),
(562, '2022-04-07 12:00:42.023335', 1, 10, 554),
(570, '2022-04-07 12:03:59.146954', 1, 8, 566),
(571, '2022-04-07 12:04:00.809182', 2, 8, 566),
(572, '2022-04-07 12:04:02.793191', 0, 9, 566),
(573, '2022-04-07 12:04:09.538050', 1, 10, 566),
(581, '2022-04-07 12:12:24.242534', 1, 8, 577),
(582, '2022-04-07 12:12:26.033261', 2, 8, 577),
(583, '2022-04-07 12:12:28.720031', 0, 9, 577),
(584, '2022-04-07 12:12:30.735013', 1, 10, 577),
(592, '2022-04-07 12:23:13.832947', 1, 7, 588),
(593, '2022-04-07 12:23:15.959084', 0, 4, 588),
(594, '2022-04-07 12:23:18.446021', 0, 6, 588),
(603, '2022-04-07 13:18:40.503183', 1, 8, 598),
(604, '2022-04-07 13:18:45.200255', 2, 8, 598),
(605, '2022-04-07 13:18:56.060320', 0, 10, 598),
(606, '2022-04-07 13:18:57.971315', 1, 10, 598),
(607, '2022-04-07 13:19:10.256801', 0, 9, 598),
(616, '2022-04-07 13:31:11.762832', 1, 8, 611),
(617, '2022-04-07 13:31:13.828453', 2, 8, 611),
(618, '2022-04-07 13:31:16.038307', 0, 9, 611),
(619, '2022-04-07 13:31:18.391772', 0, 10, 611),
(620, '2022-04-07 13:31:20.115578', 1, 10, 611),
(628, '2022-04-07 13:36:43.707391', 1, 8, 624),
(629, '2022-04-07 13:36:45.969097', 2, 8, 624),
(630, '2022-04-07 13:36:48.311970', 0, 9, 624),
(631, '2022-04-07 13:36:50.705654', 1, 10, 624),
(639, '2022-04-07 13:41:51.492090', 1, 8, 635),
(640, '2022-04-07 13:41:53.142218', 2, 8, 635),
(641, '2022-04-07 13:41:55.493717', 0, 9, 635),
(642, '2022-04-07 13:41:57.989489', 1, 10, 635),
(665, '2022-04-07 13:50:18.621322', 2, 8, 660),
(666, '2022-04-07 13:50:34.847154', 1, 9, 660),
(667, '2022-04-07 13:50:46.488339', 2, 9, 660),
(668, '2022-04-07 13:50:54.840343', 0, 9, 660),
(669, '2022-04-07 13:51:00.896294', 0, 10, 660),
(670, '2022-04-07 13:51:13.008260', 2, 10, 660),
(671, '2022-04-07 13:51:45.056235', 1, 10, 660),
(682, '2022-04-08 08:45:08.309896', 1, 8, 675),
(683, '2022-04-08 08:45:10.754886', 2, 8, 675),
(684, '2022-04-08 08:45:13.201919', 0, 9, 675),
(685, '2022-04-08 08:45:15.601863', 1, 10, 675),
(712, '2022-04-08 09:56:19.934018', 1, 1, 708),
(713, '2022-04-08 09:56:22.282073', 0, 2, 708),
(714, '2022-04-08 09:56:24.354350', 0, 3, 708),
(762, '2022-04-08 10:29:30.832518', 2, 8, 753),
(763, '2022-04-08 10:29:33.063092', 0, 9, 753),
(764, '2022-04-08 10:29:44.910466', 1, 10, 753),
(773, '2022-04-08 10:48:59.119290', 1, 8, 768),
(774, '2022-04-08 10:49:01.861064', 2, 8, 768),
(775, '2022-04-08 10:49:03.646160', 0, 9, 768),
(776, '2022-04-08 10:49:05.388185', 0, 10, 768),
(777, '2022-04-08 10:49:07.309171', 1, 10, 768),
(785, '2022-04-08 10:53:19.398749', 2, 8, 781),
(786, '2022-04-08 10:53:21.405454', 0, 9, 781),
(787, '2022-04-08 10:53:23.371675', 1, 10, 781),
(796, '2022-04-08 10:56:20.134271', 2, 8, 791),
(797, '2022-04-08 10:56:22.275340', 0, 9, 791),
(798, '2022-04-08 10:56:24.148360', 1, 10, 791),
(807, '2022-04-08 11:45:04.384756', 2, 8, 802),
(808, '2022-04-08 11:45:06.239958', 0, 9, 802),
(809, '2022-04-08 11:45:08.271899', 1, 10, 802),
(817, '2022-04-08 12:01:22.189835', 2, 8, 813),
(818, '2022-04-08 12:01:24.108896', 0, 9, 813),
(819, '2022-04-08 12:01:26.853254', 1, 10, 813),
(828, '2022-04-08 13:15:15.855984', 2, 8, 823),
(829, '2022-04-08 13:15:17.852965', 0, 9, 823),
(830, '2022-04-08 13:15:20.036966', 1, 10, 823),
(838, '2022-04-08 13:17:26.934468', 1, 8, 834),
(839, '2022-04-08 13:17:28.988120', 2, 8, 834),
(840, '2022-04-08 13:17:30.851449', 0, 9, 834),
(841, '2022-04-08 13:17:33.307655', 1, 10, 834),
(849, '2022-04-08 13:19:46.374202', 2, 8, 845),
(850, '2022-04-08 13:19:48.059249', 0, 9, 845),
(851, '2022-04-08 13:19:49.868367', 1, 10, 845),
(861, '2022-04-10 08:51:59.217510', 2, 8, 855),
(862, '2022-04-10 08:52:01.502791', 0, 9, 855),
(863, '2022-04-10 08:52:03.694791', 1, 10, 855),
(873, '2022-04-10 09:10:20.655441', 1, 8, 867),
(874, '2022-04-10 09:10:24.444948', 2, 8, 867),
(875, '2022-04-10 09:10:26.236290', 0, 9, 867),
(876, '2022-04-10 09:10:28.307742', 1, 10, 867),
(884, '2022-04-10 09:14:31.576513', 2, 8, 880),
(885, '2022-04-10 09:14:33.635184', 0, 9, 880),
(886, '2022-04-10 09:14:35.851466', 1, 10, 880),
(900, '2022-04-10 09:26:18.125199', 1, 8, 890),
(901, '2022-04-10 09:26:20.897246', 2, 8, 890),
(902, '2022-04-10 09:26:22.941168', 0, 9, 890),
(903, '2022-04-10 09:26:25.186523', 1, 10, 890),
(911, '2022-04-10 09:52:15.132336', 1, 8, 907),
(912, '2022-04-10 09:52:17.536337', 2, 8, 907),
(913, '2022-04-10 09:52:19.777318', 0, 9, 907),
(914, '2022-04-10 09:52:21.545323', 0, 10, 907),
(915, '2022-04-10 09:52:23.680483', 1, 10, 907),
(923, '2022-04-10 09:59:02.673324', 2, 8, 919),
(924, '2022-04-10 09:59:04.720578', 0, 9, 919),
(925, '2022-04-10 09:59:06.527711', 1, 10, 919),
(933, '2022-04-10 10:03:11.874395', 2, 8, 929),
(934, '2022-04-10 10:03:13.615099', 0, 9, 929),
(935, '2022-04-10 10:03:15.455109', 0, 10, 929),
(936, '2022-04-10 10:03:16.999093', 1, 10, 929),
(944, '2022-04-10 10:15:48.743699', 2, 8, 940),
(945, '2022-04-10 10:15:50.733835', 0, 9, 940),
(946, '2022-04-10 10:15:52.708697', 1, 10, 940),
(954, '2022-04-10 10:18:56.799361', 2, 8, 950),
(955, '2022-04-10 10:18:58.765374', 0, 9, 950),
(956, '2022-04-10 10:19:00.564374', 0, 10, 950),
(957, '2022-04-10 10:19:02.078198', 1, 10, 950),
(965, '2022-04-10 10:22:10.590760', 2, 8, 961),
(966, '2022-04-10 10:22:12.773000', 0, 9, 961),
(967, '2022-04-10 10:22:14.740994', 1, 10, 961),
(975, '2022-04-10 10:26:24.847194', 2, 8, 971),
(976, '2022-04-10 10:26:26.876517', 1, 9, 971),
(977, '2022-04-10 10:26:28.404544', 0, 9, 971),
(978, '2022-04-10 10:26:30.381544', 1, 10, 971),
(986, '2022-04-10 10:40:54.333182', 1, 8, 982),
(987, '2022-04-10 10:40:55.786404', 2, 8, 982),
(988, '2022-04-10 10:40:57.930828', 0, 9, 982),
(989, '2022-04-10 10:40:59.907692', 1, 10, 982),
(997, '2022-04-10 10:46:51.444267', 1, 8, 993),
(998, '2022-04-10 10:46:53.012287', 2, 8, 993),
(999, '2022-04-10 10:46:54.867270', 0, 9, 993),
(1000, '2022-04-10 10:46:57.995255', 1, 10, 993),
(1008, '2022-04-10 11:02:11.652361', 1, 8, 1004),
(1009, '2022-04-10 11:02:13.320556', 2, 8, 1004),
(1010, '2022-04-10 11:02:16.320561', 0, 9, 1004),
(1011, '2022-04-10 11:02:18.376576', 1, 10, 1004),
(1019, '2022-04-10 11:07:31.859582', 2, 8, 1015),
(1020, '2022-04-10 11:07:34.879982', 0, 9, 1015),
(1021, '2022-04-10 11:07:36.862735', 1, 10, 1015),
(1029, '2022-04-10 13:39:02.788979', 2, 8, 1025),
(1030, '2022-04-10 13:39:04.826206', 0, 9, 1025),
(1031, '2022-04-10 13:39:06.905993', 1, 10, 1025),
(1040, '2022-04-10 13:44:10.454746', 2, 8, 1035),
(1041, '2022-04-10 13:44:14.682462', 0, 9, 1035),
(1042, '2022-04-10 13:44:20.258361', 1, 10, 1035),
(1050, '2022-04-10 13:48:26.076996', 2, 8, 1046),
(1051, '2022-04-10 13:48:27.898218', 0, 9, 1046),
(1052, '2022-04-10 13:48:30.002758', 1, 10, 1046),
(1060, '2022-04-10 14:17:41.416973', 2, 8, 1056),
(1061, '2022-04-10 14:17:43.430950', 0, 9, 1056),
(1062, '2022-04-10 14:17:45.279936', 1, 10, 1056),
(1070, '2022-04-10 14:34:26.606880', 2, 8, 1066),
(1071, '2022-04-10 14:34:28.485033', 0, 9, 1066),
(1072, '2022-04-10 14:34:30.533103', 1, 10, 1066),
(1080, '2022-04-10 14:52:33.420880', 1, 7, 1076),
(1081, '2022-04-10 14:52:35.738653', 0, 4, 1076),
(1082, '2022-04-10 14:52:38.851600', 0, 6, 1076),
(1090, '2022-04-10 14:58:07.453462', 1, 7, 1086),
(1091, '2022-04-10 14:58:09.361438', 0, 4, 1086),
(1092, '2022-04-10 14:58:11.489987', 0, 6, 1086),
(1100, '2022-04-11 05:58:27.248697', 1, 8, 1096),
(1101, '2022-04-11 05:58:29.643942', 2, 8, 1096),
(1102, '2022-04-11 05:58:31.595588', 0, 9, 1096),
(1103, '2022-04-11 05:58:33.380490', 1, 10, 1096),
(1114, '2022-04-11 06:04:25.651837', 2, 8, 1107),
(1115, '2022-04-11 06:04:27.593676', 0, 9, 1107),
(1116, '2022-04-11 06:04:29.561779', 0, 10, 1107),
(1117, '2022-04-11 06:04:32.346834', 1, 10, 1107),
(1125, '2022-04-11 06:32:50.290579', 2, 8, 1121),
(1126, '2022-04-11 06:32:52.423373', 0, 9, 1121),
(1127, '2022-04-11 06:32:54.406667', 1, 10, 1121),
(1135, '2022-04-11 06:33:58.118346', 2, 8, 1131),
(1136, '2022-04-11 06:34:00.141965', 0, 9, 1131),
(1137, '2022-04-11 06:34:02.149855', 1, 10, 1131),
(1145, '2022-04-11 06:42:57.799748', 2, 8, 1141),
(1146, '2022-04-11 06:42:59.621989', 0, 9, 1141),
(1147, '2022-04-11 06:43:01.511359', 1, 10, 1141),
(1155, '2022-04-11 06:47:11.192187', 2, 8, 1151),
(1156, '2022-04-11 06:47:12.908994', 0, 9, 1151),
(1157, '2022-04-11 06:47:14.989720', 1, 10, 1151),
(1165, '2022-04-11 07:43:24.298036', 2, 8, 1161),
(1166, '2022-04-11 07:43:26.303650', 0, 9, 1161),
(1167, '2022-04-11 07:43:28.953905', 1, 10, 1161),
(1175, '2022-04-11 09:18:34.399023', 1, 8, 1171),
(1176, '2022-04-11 09:18:36.093113', 2, 8, 1171),
(1177, '2022-04-11 09:18:38.004404', 0, 9, 1171),
(1178, '2022-04-11 09:18:40.636244', 1, 10, 1171),
(1186, '2022-04-11 09:22:28.359546', 1, 8, 1182),
(1187, '2022-04-11 09:22:29.811984', 2, 8, 1182),
(1188, '2022-04-11 09:22:31.900881', 0, 9, 1182),
(1189, '2022-04-11 09:22:34.150896', 2, 10, 1182),
(1190, '2022-04-11 09:22:35.563830', 1, 10, 1182),
(1198, '2022-04-11 09:28:22.093441', 1, 8, 1194),
(1199, '2022-04-11 09:28:23.692492', 2, 8, 1194),
(1200, '2022-04-11 09:28:25.708287', 0, 9, 1194),
(1201, '2022-04-11 09:28:27.787022', 1, 10, 1194),
(1209, '2022-04-11 09:32:07.805380', 1, 8, 1205),
(1210, '2022-04-11 09:32:11.995687', 2, 8, 1205),
(1211, '2022-04-11 09:32:13.763807', 0, 9, 1205),
(1212, '2022-04-11 09:32:16.098836', 1, 10, 1205),
(1220, '2022-04-11 09:34:53.653662', 2, 8, 1216),
(1221, '2022-04-11 09:34:55.546305', 0, 9, 1216),
(1222, '2022-04-11 09:34:57.811013', 1, 10, 1216),
(1230, '2022-04-11 09:36:59.789280', 2, 8, 1226),
(1231, '2022-04-11 09:37:01.452285', 0, 9, 1226),
(1232, '2022-04-11 09:37:03.282553', 1, 10, 1226),
(1240, '2022-04-11 09:49:57.754599', 2, 8, 1236),
(1241, '2022-04-11 09:49:59.729840', 0, 9, 1236),
(1242, '2022-04-11 09:50:01.816767', 1, 10, 1236),
(1250, '2022-04-11 09:57:35.914985', 1, 8, 1246),
(1251, '2022-04-11 09:57:38.399781', 0, 8, 1246),
(1252, '2022-04-11 09:57:40.256123', 2, 8, 1246),
(1253, '2022-04-11 09:57:42.128296', 0, 9, 1246),
(1254, '2022-04-11 09:57:43.990767', 1, 10, 1246),
(1262, '2022-04-11 10:17:20.024483', 1, 8, 1258),
(1263, '2022-04-11 10:17:21.694599', 2, 8, 1258),
(1264, '2022-04-11 10:17:23.973800', 0, 9, 1258),
(1265, '2022-04-11 10:17:26.127796', 1, 10, 1258),
(1279, '2022-04-11 11:03:03.820021', 0, 8, 1269),
(1280, '2022-04-11 11:03:24.103739', 1, 8, 1269),
(1281, '2022-04-11 11:03:38.847936', 2, 9, 1269),
(1282, '2022-04-11 11:03:47.215224', 1, 9, 1269),
(1283, '2022-04-11 11:03:53.055215', 0, 9, 1269),
(1284, '2022-04-11 11:04:02.262198', 2, 10, 1269),
(1285, '2022-04-11 11:04:20.455054', 0, 10, 1269),
(1286, '2022-04-11 11:04:29.807155', 1, 10, 1269),
(1287, '2022-04-11 11:04:36.470043', 2, 8, 1269),
(1295, '2022-04-11 11:38:03.737328', 2, 8, 1291),
(1296, '2022-04-11 11:38:06.404404', 0, 9, 1291),
(1297, '2022-04-11 11:38:08.580399', 1, 10, 1291),
(1305, '2022-04-11 11:38:52.443989', 2, 8, 1301),
(1306, '2022-04-11 11:38:54.378324', 0, 9, 1301),
(1307, '2022-04-11 11:38:56.346312', 0, 10, 1301),
(1308, '2022-04-11 11:38:57.858298', 1, 10, 1301),
(1316, '2022-04-11 11:40:42.662251', 1, 8, 1312),
(1317, '2022-04-11 11:40:44.212135', 2, 8, 1312),
(1318, '2022-04-11 11:40:46.325121', 0, 9, 1312),
(1319, '2022-04-11 11:40:48.596105', 1, 10, 1312),
(1327, '2022-04-11 11:42:17.255010', 1, 8, 1323),
(1328, '2022-04-11 11:42:18.939954', 2, 8, 1323),
(1329, '2022-04-11 11:42:21.570924', 0, 9, 1323),
(1330, '2022-04-11 11:42:23.834562', 1, 10, 1323),
(1338, '2022-04-11 11:58:15.342951', 2, 8, 1334),
(1339, '2022-04-11 11:58:17.474579', 0, 9, 1334),
(1340, '2022-04-11 11:58:19.576601', 1, 10, 1334),
(1348, '2022-04-11 12:02:31.122957', 2, 8, 1344),
(1349, '2022-04-11 12:02:33.901683', 0, 9, 1344),
(1350, '2022-04-11 12:02:36.359888', 1, 10, 1344),
(1358, '2022-04-11 12:10:04.860843', 2, 8, 1354),
(1359, '2022-04-11 12:10:07.165145', 0, 9, 1354),
(1360, '2022-04-11 12:10:09.446511', 1, 10, 1354),
(1368, '2022-04-11 13:24:17.146337', 2, 8, 1364),
(1369, '2022-04-11 13:24:19.480969', 0, 9, 1364),
(1370, '2022-04-11 13:24:22.200826', 1, 10, 1364),
(1378, '2022-04-11 13:26:57.171786', 2, 8, 1374),
(1379, '2022-04-11 13:26:59.621596', 0, 9, 1374),
(1380, '2022-04-11 13:27:02.095507', 1, 10, 1374),
(1388, '2022-04-11 13:34:42.739891', 1, 8, 1384),
(1389, '2022-04-11 13:34:45.416055', 2, 8, 1384),
(1390, '2022-04-11 13:34:47.793388', 0, 9, 1384),
(1391, '2022-04-11 13:34:50.191712', 1, 10, 1384),
(1399, '2022-04-11 13:36:42.789499', 2, 8, 1395),
(1400, '2022-04-11 13:36:45.094200', 0, 9, 1395),
(1401, '2022-04-11 13:36:47.392989', 1, 10, 1395),
(1410, '2022-04-11 20:49:06.676360', 1, 1, 1406),
(1411, '2022-04-11 20:49:08.648175', 0, 2, 1406),
(1412, '2022-04-11 20:49:11.976563', 0, 3, 1406),
(1420, '2022-04-11 20:54:42.291030', 1, 1, 1416),
(1421, '2022-04-11 20:54:44.034197', 0, 2, 1416),
(1422, '2022-04-11 20:54:46.528388', 0, 3, 1416);

-- --------------------------------------------------------

--
-- Структура таблицы `answer_element_presentation`
--

CREATE TABLE `answer_element_presentation` (
  `id` bigint(20) NOT NULL,
  `is_correct` bit(1) NOT NULL,
  `message` varchar(255) COLLATE utf8_unicode_ci DEFAULT NULL,
  `element_id` bigint(20) DEFAULT NULL,
  `implementation_id` bigint(20) DEFAULT NULL,
  `student_id` bigint(20) DEFAULT NULL
) ENGINE=InnoDB DEFAULT CHARSET=utf8 COLLATE=utf8_unicode_ci;

--
-- Дамп данных таблицы `answer_element_presentation`
--

INSERT INTO `answer_element_presentation` (`id`, `is_correct`, `message`, `element_id`, `implementation_id`, `student_id`) VALUES
(195, b'1', 'Верно', 3, 2, 187),
(196, b'0', 'Не представлена характеристика Минута', 1, 3, 187),
(197, b'1', 'Верно', 1, 1, 187),
(209, b'1', 'Верно', 2, 4, 198),
(210, b'1', 'Верно', 3, 2, 198),
(211, b'0', 'Не представлена характеристика Минута', 1, 3, 198),
(212, b'1', 'Верно', 1, 1, 198),
(220, b'1', 'Верно', 1, 1, 213),
(221, b'1', 'Верно', 2, 4, 213),
(222, b'1', 'Верно', 3, 2, 213),
(232, b'0', 'Не представлена характеристика Минута', 1, 3, 225),
(233, b'1', 'Верно', 1, 1, 225),
(234, b'1', 'Верно', 2, 4, 225),
(235, b'1', 'Верно', 3, 2, 225),
(265, b'1', 'Верно', 4, 5, 257),
(273, b'1', 'Верно', 7, 7, 266),
(274, b'1', 'Верно', 4, 5, 266),
(275, b'1', 'Верно', 6, 6, 266),
(284, b'1', 'Верно', 7, 7, 276),
(285, b'1', 'Верно', 4, 5, 276),
(286, b'1', 'Верно', 6, 6, 276),
(294, b'1', 'Верно', 7, 7, 287),
(295, b'1', 'Верно', 4, 5, 287),
(296, b'1', 'Верно', 6, 6, 287),
(305, b'1', 'Верно', 7, 7, 297),
(306, b'1', 'Верно', 4, 5, 297),
(307, b'1', 'Верно', 6, 6, 297),
(315, b'1', 'Верно', 7, 7, 308),
(316, b'1', 'Верно', 4, 5, 308),
(317, b'1', 'Верно', 6, 6, 308),
(325, b'0', 'Не представлена характеристика Минута', 1, 3, 318),
(326, b'1', 'Верно', 1, 1, 318),
(327, b'1', 'Верно', 2, 4, 318),
(328, b'1', 'Верно', 3, 2, 318),
(336, b'1', 'Верно', 1, 1, 329),
(337, b'1', 'Верно', 2, 4, 329),
(338, b'1', 'Верно', 3, 2, 329),
(357, b'1', 'Верно', 7, 7, 350),
(358, b'1', 'Верно', 4, 5, 350),
(359, b'1', 'Верно', 6, 6, 350),
(367, b'0', 'Не представлена характеристика Минута', 1, 3, 360),
(368, b'1', 'Верно', 1, 1, 360),
(369, b'1', 'Верно', 2, 4, 360),
(370, b'1', 'Верно', 3, 2, 360),
(388, b'1', 'Верно', 7, 7, 381),
(389, b'1', 'Верно', 4, 5, 381),
(390, b'1', 'Верно', 6, 6, 381),
(398, b'1', 'Верно', 4, 5, 391),
(399, b'1', 'Верно', 6, 6, 391),
(400, b'1', 'Верно', 7, 7, 391),
(409, b'1', 'Верно', 7, 7, 402),
(410, b'1', 'Верно', 4, 5, 402),
(411, b'1', 'Верно', 6, 6, 402),
(421, b'1', 'Верно', 7, 7, 412),
(422, b'1', 'Верно', 4, 5, 412),
(423, b'1', 'Верно', 6, 6, 412),
(432, b'1', 'Верно', 7, 7, 424),
(433, b'1', 'Верно', 4, 5, 424),
(434, b'1', 'Верно', 6, 6, 424),
(442, b'1', 'Верно', 7, 7, 435),
(443, b'1', 'Верно', 4, 5, 435),
(444, b'1', 'Верно', 6, 6, 435),
(452, b'1', 'Верно', 7, 7, 445),
(453, b'1', 'Верно', 4, 5, 445),
(454, b'1', 'Верно', 6, 6, 445),
(463, b'1', 'Верно', 7, 7, 455),
(464, b'1', 'Верно', 4, 5, 455),
(465, b'1', 'Верно', 6, 6, 455),
(473, b'1', 'Верно', 7, 7, 466),
(474, b'1', 'Верно', 4, 5, 466),
(475, b'1', 'Верно', 6, 6, 466),
(487, b'1', 'Верно', 7, 7, 480),
(488, b'1', 'Верно', 4, 5, 480),
(489, b'1', 'Верно', 6, 6, 480),
(498, b'1', 'Верно', 7, 7, 490),
(499, b'1', 'Верно', 4, 5, 490),
(500, b'1', 'Верно', 6, 6, 490),
(508, b'1', 'Верно', 7, 7, 501),
(509, b'1', 'Верно', 4, 5, 501),
(510, b'1', 'Верно', 6, 6, 501),
(518, b'1', 'Верно', 7, 7, 511),
(519, b'1', 'Верно', 4, 5, 511),
(520, b'1', 'Верно', 6, 6, 511),
(528, b'1', 'Верно', 7, 7, 521),
(529, b'1', 'Верно', 4, 5, 521),
(530, b'1', 'Верно', 6, 6, 521),
(563, b'1', 'Верно', 8, 8, 554),
(564, b'1', 'Верно', 9, 9, 554),
(565, b'1', 'Верно', 10, 10, 554),
(574, b'1', 'Верно', 8, 8, 566),
(575, b'1', 'Верно', 9, 9, 566),
(576, b'1', 'Верно', 10, 10, 566),
(585, b'1', 'Верно', 8, 8, 577),
(586, b'1', 'Верно', 9, 9, 577),
(587, b'1', 'Верно', 10, 10, 577),
(595, b'1', 'Верно', 7, 7, 588),
(596, b'1', 'Верно', 4, 5, 588),
(597, b'1', 'Верно', 6, 6, 588),
(608, b'1', 'Верно', 8, 8, 598),
(609, b'1', 'Верно', 9, 9, 598),
(610, b'1', 'Верно', 10, 10, 598),
(621, b'1', 'Верно', 8, 8, 611),
(622, b'1', 'Верно', 9, 9, 611),
(623, b'1', 'Верно', 10, 10, 611),
(632, b'1', 'Верно', 8, 8, 624),
(633, b'1', 'Верно', 9, 9, 624),
(634, b'1', 'Верно', 10, 10, 624),
(643, b'1', 'Верно', 8, 8, 635),
(644, b'1', 'Верно', 9, 9, 635),
(645, b'1', 'Верно', 10, 10, 635),
(672, b'1', 'Верно', 8, 8, 660),
(673, b'1', 'Верно', 9, 9, 660),
(674, b'1', 'Верно', 10, 10, 660),
(686, b'1', 'Верно', 8, 8, 675),
(687, b'1', 'Верно', 9, 9, 675),
(688, b'1', 'Верно', 10, 10, 675),
(715, b'1', 'Верно', 1, 1, 708),
(716, b'1', 'Верно', 2, 4, 708),
(717, b'1', 'Верно', 3, 2, 708),
(765, b'1', 'Верно', 8, 8, 753),
(766, b'1', 'Верно', 9, 9, 753),
(767, b'1', 'Верно', 10, 10, 753),
(778, b'1', 'Верно', 8, 8, 768),
(779, b'1', 'Верно', 9, 9, 768),
(780, b'1', 'Верно', 10, 10, 768),
(788, b'1', 'Верно', 8, 8, 781),
(789, b'1', 'Верно', 9, 9, 781),
(790, b'1', 'Верно', 10, 10, 781),
(799, b'1', 'Верно', 8, 8, 791),
(800, b'1', 'Верно', 9, 9, 791),
(801, b'1', 'Верно', 10, 10, 791),
(810, b'1', 'Верно', 8, 8, 802),
(811, b'1', 'Верно', 9, 9, 802),
(812, b'1', 'Верно', 10, 10, 802),
(820, b'1', 'Верно', 8, 8, 813),
(821, b'1', 'Верно', 9, 9, 813),
(822, b'1', 'Верно', 10, 10, 813),
(831, b'1', 'Верно', 8, 8, 823),
(832, b'1', 'Верно', 9, 9, 823),
(833, b'1', 'Верно', 10, 10, 823),
(842, b'1', 'Верно', 8, 8, 834),
(843, b'1', 'Верно', 9, 9, 834),
(844, b'1', 'Верно', 10, 10, 834),
(852, b'1', 'Верно', 8, 8, 845),
(853, b'1', 'Верно', 9, 9, 845),
(854, b'1', 'Верно', 10, 10, 845),
(864, b'1', 'Верно', 8, 8, 855),
(865, b'1', 'Верно', 9, 9, 855),
(866, b'1', 'Верно', 10, 10, 855),
(877, b'1', 'Верно', 8, 8, 867),
(878, b'1', 'Верно', 9, 9, 867),
(879, b'1', 'Верно', 10, 10, 867),
(887, b'1', 'Верно', 8, 8, 880),
(888, b'1', 'Верно', 9, 9, 880),
(889, b'1', 'Верно', 10, 10, 880),
(904, b'1', 'Верно', 8, 8, 890),
(905, b'1', 'Верно', 9, 9, 890),
(906, b'1', 'Верно', 10, 10, 890),
(916, b'1', 'Верно', 8, 8, 907),
(917, b'1', 'Верно', 9, 9, 907),
(918, b'1', 'Верно', 10, 10, 907),
(926, b'1', 'Верно', 8, 8, 919),
(927, b'1', 'Верно', 9, 9, 919),
(928, b'1', 'Верно', 10, 10, 919),
(937, b'1', 'Верно', 8, 8, 929),
(938, b'1', 'Верно', 9, 9, 929),
(939, b'1', 'Верно', 10, 10, 929),
(947, b'1', 'Верно', 8, 8, 940),
(948, b'1', 'Верно', 9, 9, 940),
(949, b'1', 'Верно', 10, 10, 940),
(958, b'1', 'Верно', 8, 8, 950),
(959, b'1', 'Верно', 9, 9, 950),
(960, b'1', 'Верно', 10, 10, 950),
(968, b'1', 'Верно', 8, 8, 961),
(969, b'1', 'Верно', 9, 9, 961),
(970, b'1', 'Верно', 10, 10, 961),
(979, b'1', 'Верно', 8, 8, 971),
(980, b'1', 'Верно', 9, 9, 971),
(981, b'1', 'Верно', 10, 10, 971),
(990, b'1', 'Верно', 8, 8, 982),
(991, b'1', 'Верно', 9, 9, 982),
(992, b'1', 'Верно', 10, 10, 982),
(1001, b'1', 'Верно', 8, 8, 993),
(1002, b'1', 'Верно', 9, 9, 993),
(1003, b'1', 'Верно', 10, 10, 993),
(1012, b'1', 'Верно', 8, 8, 1004),
(1013, b'1', 'Верно', 9, 9, 1004),
(1014, b'1', 'Верно', 10, 10, 1004),
(1022, b'1', 'Верно', 8, 8, 1015),
(1023, b'1', 'Верно', 9, 9, 1015),
(1024, b'1', 'Верно', 10, 10, 1015),
(1032, b'1', 'Верно', 8, 8, 1025),
(1033, b'1', 'Верно', 9, 9, 1025),
(1034, b'1', 'Верно', 10, 10, 1025),
(1043, b'1', 'Верно', 8, 8, 1035),
(1044, b'1', 'Верно', 9, 9, 1035),
(1045, b'1', 'Верно', 10, 10, 1035),
(1053, b'1', 'Верно', 8, 8, 1046),
(1054, b'1', 'Верно', 9, 9, 1046),
(1055, b'1', 'Верно', 10, 10, 1046),
(1063, b'1', 'Верно', 8, 8, 1056),
(1064, b'1', 'Верно', 9, 9, 1056),
(1065, b'1', 'Верно', 10, 10, 1056),
(1073, b'1', 'Верно', 8, 8, 1066),
(1074, b'1', 'Верно', 9, 9, 1066),
(1075, b'1', 'Верно', 10, 10, 1066),
(1083, b'1', 'Верно', 7, 7, 1076),
(1084, b'1', 'Верно', 4, 5, 1076),
(1085, b'1', 'Верно', 6, 6, 1076),
(1093, b'1', 'Верно', 7, 7, 1086),
(1094, b'1', 'Верно', 4, 5, 1086),
(1095, b'1', 'Верно', 6, 6, 1086),
(1104, b'1', 'Верно', 8, 8, 1096),
(1105, b'1', 'Верно', 9, 9, 1096),
(1106, b'1', 'Верно', 10, 10, 1096),
(1118, b'1', 'Верно', 8, 8, 1107),
(1119, b'1', 'Верно', 9, 9, 1107),
(1120, b'1', 'Верно', 10, 10, 1107),
(1128, b'1', 'Верно', 8, 8, 1121),
(1129, b'1', 'Верно', 9, 9, 1121),
(1130, b'1', 'Верно', 10, 10, 1121),
(1138, b'1', 'Верно', 8, 8, 1131),
(1139, b'1', 'Верно', 9, 9, 1131),
(1140, b'1', 'Верно', 10, 10, 1131),
(1148, b'1', 'Верно', 8, 8, 1141),
(1149, b'1', 'Верно', 9, 9, 1141),
(1150, b'1', 'Верно', 10, 10, 1141),
(1158, b'1', 'Верно', 8, 8, 1151),
(1159, b'1', 'Верно', 9, 9, 1151),
(1160, b'1', 'Верно', 10, 10, 1151),
(1168, b'1', 'Верно', 8, 8, 1161),
(1169, b'1', 'Верно', 9, 9, 1161),
(1170, b'1', 'Верно', 10, 10, 1161),
(1179, b'1', 'Верно', 8, 8, 1171),
(1180, b'1', 'Верно', 9, 9, 1171),
(1181, b'1', 'Верно', 10, 10, 1171),
(1191, b'1', 'Верно', 8, 8, 1182),
(1192, b'1', 'Верно', 9, 9, 1182),
(1193, b'1', 'Верно', 10, 10, 1182),
(1202, b'1', 'Верно', 8, 8, 1194),
(1203, b'1', 'Верно', 9, 9, 1194),
(1204, b'1', 'Верно', 10, 10, 1194),
(1213, b'1', 'Верно', 8, 8, 1205),
(1214, b'1', 'Верно', 9, 9, 1205),
(1215, b'1', 'Верно', 10, 10, 1205),
(1223, b'1', 'Верно', 8, 8, 1216),
(1224, b'1', 'Верно', 9, 9, 1216),
(1225, b'1', 'Верно', 10, 10, 1216),
(1233, b'1', 'Верно', 8, 8, 1226),
(1234, b'1', 'Верно', 9, 9, 1226),
(1235, b'1', 'Верно', 10, 10, 1226),
(1243, b'1', 'Верно', 8, 8, 1236),
(1244, b'1', 'Верно', 9, 9, 1236),
(1245, b'1', 'Верно', 10, 10, 1236),
(1255, b'1', 'Верно', 8, 8, 1246),
(1256, b'1', 'Верно', 9, 9, 1246),
(1257, b'1', 'Верно', 10, 10, 1246),
(1266, b'1', 'Верно', 8, 8, 1258),
(1267, b'1', 'Верно', 9, 9, 1258),
(1268, b'1', 'Верно', 10, 10, 1258),
(1288, b'1', 'Верно', 8, 8, 1269),
(1289, b'1', 'Верно', 9, 9, 1269),
(1290, b'1', 'Верно', 10, 10, 1269),
(1298, b'1', 'Верно', 8, 8, 1291),
(1299, b'1', 'Верно', 9, 9, 1291),
(1300, b'1', 'Верно', 10, 10, 1291),
(1309, b'1', 'Верно', 8, 8, 1301),
(1310, b'1', 'Верно', 9, 9, 1301),
(1311, b'1', 'Верно', 10, 10, 1301),
(1320, b'1', 'Верно', 8, 8, 1312),
(1321, b'1', 'Верно', 9, 9, 1312),
(1322, b'1', 'Верно', 10, 10, 1312),
(1331, b'1', 'Верно', 8, 8, 1323),
(1332, b'1', 'Верно', 9, 9, 1323),
(1333, b'1', 'Верно', 10, 10, 1323),
(1341, b'1', 'Верно', 8, 8, 1334),
(1342, b'1', 'Верно', 9, 9, 1334),
(1343, b'1', 'Верно', 10, 10, 1334),
(1351, b'1', 'Верно', 8, 8, 1344),
(1352, b'1', 'Верно', 9, 9, 1344),
(1353, b'1', 'Верно', 10, 10, 1344),
(1361, b'1', 'Верно', 8, 8, 1354),
(1362, b'1', 'Верно', 9, 9, 1354),
(1363, b'1', 'Верно', 10, 10, 1354),
(1371, b'1', 'Верно', 8, 8, 1364),
(1372, b'1', 'Верно', 9, 9, 1364),
(1373, b'1', 'Верно', 10, 10, 1364),
(1381, b'1', 'Верно', 8, 8, 1374),
(1382, b'1', 'Верно', 9, 9, 1374),
(1383, b'1', 'Верно', 10, 10, 1374),
(1392, b'1', 'Верно', 8, 8, 1384),
(1393, b'1', 'Верно', 9, 9, 1384),
(1394, b'1', 'Верно', 10, 10, 1384),
(1402, b'1', 'Верно', 8, 8, 1395),
(1403, b'1', 'Верно', 9, 9, 1395),
(1404, b'1', 'Верно', 10, 10, 1395),
(1413, b'1', 'Верно', 1, 1, 1406),
(1414, b'1', 'Верно', 2, 4, 1406),
(1415, b'1', 'Верно', 3, 2, 1406),
(1423, b'1', 'Верно', 1, 1, 1416),
(1424, b'1', 'Верно', 2, 4, 1416),
(1425, b'1', 'Верно', 3, 2, 1416);

-- --------------------------------------------------------

--
-- Структура таблицы `data_component`
--

CREATE TABLE `data_component` (
  `id` bigint(20) NOT NULL,
  `mission` varchar(255) COLLATE utf8_unicode_ci DEFAULT NULL,
  `name` varchar(255) COLLATE utf8_unicode_ci DEFAULT NULL,
  `domain_type_id` bigint(20) DEFAULT NULL,
  `implementation_id` bigint(20) DEFAULT NULL
) ENGINE=InnoDB DEFAULT CHARSET=utf8 COLLATE=utf8_unicode_ci;

--
-- Дамп данных таблицы `data_component`
--

INSERT INTO `data_component` (`id`, `mission`, `name`, `domain_type_id`, `implementation_id`) VALUES
(1, 'Час', 'hour', 4, 1),
(2, 'Минута', 'minute', 3, 1),
(3, 'Длительность урока в минутах', 'lesson_duration_minutes', 1, 2),
(4, 'Час окончания урока', 'finish_lesson_hour', 4, 3),
(5, 'Час', 'hour', 4, 4),
(6, 'Минута', 'start_lesson_minuter', 3, 4),
(7, 'Сумма доходов - целое число [0;10000]', 'january_incomes_number', 5, 5),
(8, 'Сумма доходов - целое число [0;10000]', 'february_incomes_number', 5, 6),
(9, 'Сумма доходов - целое число [0;20000]', 'two_month_incomes_number', 6, 7),
(10, 'Заряд батарейки - целое число [0;100]', 'battery_charge', 7, 8),
(11, 'Отданный заряд - целое число [0;100]', 'given_battery_charge', 7, 10),
(12, 'Запрашиваемый заряд батарейки - целое число [0;1000]', 'enquired_battery_charge', 8, 9);

-- --------------------------------------------------------

--
-- Структура таблицы `data_element`
--

CREATE TABLE `data_element` (
  `id` bigint(20) NOT NULL,
  `problem_id` bigint(20) DEFAULT NULL,
  `direction` int(11) DEFAULT NULL,
  `mission` varchar(255) COLLATE utf8_unicode_ci DEFAULT NULL,
  `name` varchar(255) COLLATE utf8_unicode_ci DEFAULT NULL,
  `domain_type_id` bigint(20) DEFAULT NULL
) ENGINE=InnoDB DEFAULT CHARSET=utf8 COLLATE=utf8_unicode_ci;

--
-- Дамп данных таблицы `data_element`
--

INSERT INTO `data_element` (`id`, `problem_id`, `direction`, `mission`, `name`, `domain_type_id`) VALUES
(1, 3, 1, 'Время окончания урока', 'lesson_finish_time', 2),
(2, 3, 0, 'Время начала урока', 'start_lesson_time', 2),
(3, 3, 0, 'Длительность урока', 'lesson_duration', 1),
(4, 2, 0, 'Сумма доходов за январь', 'january_incomes', 5),
(6, 2, 0, 'Сумма доходов за февраль', 'february_incomes', 5),
(7, 2, 1, 'Сумма доходов за январь и февраль', 'january_and_february_incomes', 6),
(8, 4, 2, 'Количество заряда батарейки', 'current_charge', 7),
(9, 4, 0, 'Количество запрашиваемого заряда', 'enquired_chage', 8),
(10, 4, 1, 'Количество отданного заряда', 'given_charge', 7);

-- --------------------------------------------------------

--
-- Структура таблицы `data_element_implementation`
--

CREATE TABLE `data_element_implementation` (
  `id` bigint(20) NOT NULL,
  `mission` varchar(255) COLLATE utf8_unicode_ci DEFAULT NULL,
  `name` varchar(255) COLLATE utf8_unicode_ci DEFAULT NULL,
  `data_element_id` bigint(20) DEFAULT NULL
) ENGINE=InnoDB DEFAULT CHARSET=utf8 COLLATE=utf8_unicode_ci;

--
-- Дамп данных таблицы `data_element_implementation`
--

INSERT INTO `data_element_implementation` (`id`, `mission`, `name`, `data_element_id`) VALUES
(1, 'Два целых числа: час (число), минута (число)', 'finish_time_two_numbers', 1),
(2, 'Длительность урока в минутах', 'lesson_duration_minutes', 3),
(3, 'Час окончания урока', 'finish_hour', 1),
(4, 'Два целых числа: час (число), минута (число)', 'start_lesson_2_numbers', 2),
(5, 'Сумма доходов - целое число [0;10000]', 'janaury_incomes_number', 4),
(6, 'Сумма доходов - целое число [0;10000]', 'february_incomes_number', 6),
(7, 'Сумма доходов - целое число [0;20000]', 'two_month_incomes', 7),
(8, 'Заряд батарейки - целое число [0;100]', 'battery_charge_number', 8),
(9, 'Запрашиваемый заряд батарейки - целое число [0;1000]', 'equired_charge_number', 9),
(10, 'Отданный заряд - целое число [0;100]', 'given_charge_number', 10);

-- --------------------------------------------------------

--
-- Структура таблицы `domain_type`
--

CREATE TABLE `domain_type` (
  `id` bigint(20) NOT NULL,
  `max_value` float NOT NULL,
  `min_value` float NOT NULL,
  `mission` varchar(255) COLLATE utf8_unicode_ci DEFAULT NULL,
  `name` varchar(255) COLLATE utf8_unicode_ci DEFAULT NULL,
  `type` int(11) DEFAULT NULL
) ENGINE=InnoDB DEFAULT CHARSET=utf8 COLLATE=utf8_unicode_ci;

--
-- Дамп данных таблицы `domain_type`
--

INSERT INTO `domain_type` (`id`, `max_value`, `min_value`, `mission`, `name`, `type`) VALUES
(1, 50, 30, 'Длительность урока', 'lesson_duration', 0),
(2, 0, 0, 'Время', 'time', 6),
(3, 59, 0, 'Минута', 'minute', 0),
(4, 23, 0, 'Час', 'hour', 0),
(5, 10000, 0, 'Доходы за месяц', 'month_incomes', 0),
(6, 20000, 0, 'Доходы за два месяца', 'two_month_incomes', 0),
(7, 100, 0, 'Заряд батарейки', 'charge', 0),
(8, 1000, 0, 'Запрашиваемый заряд батарейки', 'enquired_charge', 0);

-- --------------------------------------------------------

--
-- Структура таблицы `entity_field`
--

CREATE TABLE `entity_field` (
  `id` bigint(20) NOT NULL,
  `mission` varchar(255) COLLATE utf8_unicode_ci DEFAULT NULL,
  `name` varchar(255) COLLATE utf8_unicode_ci DEFAULT NULL,
  `domain_type_id` bigint(20) DEFAULT NULL,
  `own_domain_type_id` bigint(20) DEFAULT NULL
) ENGINE=InnoDB DEFAULT CHARSET=utf8 COLLATE=utf8_unicode_ci;

--
-- Дамп данных таблицы `entity_field`
--

INSERT INTO `entity_field` (`id`, `mission`, `name`, `domain_type_id`, `own_domain_type_id`) VALUES
(1, 'Час', 'hour', 2, 4),
(2, 'Минута', 'minute', 2, 3);

-- --------------------------------------------------------

--
-- Структура таблицы `hibernate_sequence`
--

CREATE TABLE `hibernate_sequence` (
  `next_val` bigint(20) DEFAULT NULL
) ENGINE=InnoDB DEFAULT CHARSET=utf8 COLLATE=utf8_unicode_ci;

--
-- Дамп данных таблицы `hibernate_sequence`
--

INSERT INTO `hibernate_sequence` (`next_val`) VALUES
(1426);

-- --------------------------------------------------------

--
-- Структура таблицы `phrase`
--

CREATE TABLE `phrase` (
  `id` bigint(20) NOT NULL,
  `left_border` int(11) NOT NULL,
  `right_border` int(11) NOT NULL,
  `data_element_id` bigint(20) DEFAULT NULL
) ENGINE=InnoDB DEFAULT CHARSET=utf8 COLLATE=utf8_unicode_ci;

--
-- Дамп данных таблицы `phrase`
--

INSERT INTO `phrase` (`id`, `left_border`, `right_border`, `data_element_id`) VALUES
(1, 2, 4, 1),
(2, 6, 8, 2),
(3, 10, 11, 3),
(4, 3, 5, 4),
(5, 7, 9, 6),
(6, 2, 2, 7),
(7, 2, 3, 8),
(8, 7, 9, 9),
(9, 12, 15, 10);

-- --------------------------------------------------------

--
-- Структура таблицы `problem`
--

CREATE TABLE `problem` (
  `id` bigint(20) NOT NULL,
  `func_name` varchar(255) COLLATE utf8_unicode_ci DEFAULT NULL,
  `notice` varchar(255) COLLATE utf8_unicode_ci DEFAULT NULL,
  `text` varchar(255) COLLATE utf8_unicode_ci DEFAULT NULL
) ENGINE=InnoDB DEFAULT CHARSET=utf8 COLLATE=utf8_unicode_ci;

--
-- Дамп данных таблицы `problem`
--

INSERT INTO `problem` (`id`, `func_name`, `notice`, `text`) VALUES
(1, 'days_between_dates', 'Дата представлена тремя числами: день, месяц и год и лежит в диапазоне 01.01.1900-31.12.2099', 'вычисляет количество дней между датой рождения и датой первого дня в школе'),
(2, ' incomes_sum', 'Сумма доходов за месяц измеряется в USD, не превышает 10 000.', 'вычисляет сумму доходов за январь и доходов за февраль'),
(3, 'finish_lesson_time', 'Длительность урока указана в минутах. Не может превышать 50 минут.', 'вычисляет время окончания урока, используя время начала урока и длительность урока'),
(4, 'get_charge', 'Заряд батарейки не более 100 единиц. Запрашиваться может до 1000 единиц.', 'изменяет заряд батарейки в соответствии с запрашиваемым количеством заряда. Дополнительно вычисляет количество реально отданного заряда.');

-- --------------------------------------------------------

--
-- Структура таблицы `student`
--

CREATE TABLE `student` (
  `id` bigint(20) NOT NULL,
  `first_name` varchar(255) COLLATE utf8_unicode_ci DEFAULT NULL,
  `last_name` varchar(255) COLLATE utf8_unicode_ci DEFAULT NULL,
  `problem_id` bigint(20) DEFAULT NULL
) ENGINE=InnoDB DEFAULT CHARSET=utf8 COLLATE=utf8_unicode_ci;

--
-- Дамп данных таблицы `student`
--

INSERT INTO `student` (`id`, `first_name`, `last_name`, `problem_id`) VALUES
(32, NULL, NULL, 3),
(33, 'Кирилл', 'Кулюкин', 3),
(34, 'Кирилл', 'Кулюкин', 3),
(35, 'Кирилл', 'Кулюкин', 3),
(36, 'Кулюкин', 'Кирилл', 3),
(37, 'иванов', 'Иван', 3),
(38, 'Кирилл', 'Кулюкин', 3),
(39, 'Кирилл', 'Кулюкин', 3),
(41, 'Кирилл', 'Кулюкин', 3),
(42, 'Иванов', 'Иван', 3),
(43, 'Иванов', 'Иван', 3),
(49, 'Кулюкин', 'Кирилл', 3),
(53, 'Кулюкин', 'Кирилл', 3),
(54, 'Кулюкин', 'Кирилл', 3),
(55, 'Кулюкин', 'Кирилл', 3),
(56, 'Кирилл', 'Кулюкин', 3),
(57, 'Кулюкин', 'Кирилл', 3),
(65, 'Иванов', 'Иван', 3),
(75, 'Кирилл', 'Кулюкин', 3),
(82, 'Кирилл', 'Кулюкин', 3),
(89, 'Кирилл', 'Кулюкин', 3),
(97, 'Кирилл', 'Кулюкин', 3),
(104, 'Кирилл', 'Кулюкин', 3),
(105, 'Кирилл', 'Кулюкин', 3),
(106, 'Кирилл', 'Кулюкин', 3),
(113, 'Кирилл', 'Кулюкин', 3),
(114, 'Кирилл', 'Кулюкин', 3),
(115, 'Кирилл', 'Кулюкин', 3),
(116, 'Кирилл', 'Кулюкин', 3),
(117, 'Кирилл', 'Кулюкин', 3),
(124, 'Кирилл', 'Кулюкин', 3),
(125, 'Кирилл', 'Кулюкин', 3),
(126, 'Кирилл', 'Кулюкин', 3),
(127, 'Кирилл', 'Кулюкин', 3),
(134, 'Кирилл', 'Кулюкин', 3),
(135, 'Кирилл', 'Кулюкин', 3),
(136, 'Кирилл', 'Кулюкин', 3),
(143, 'Кирилл', 'Кулюкин', 3),
(144, 'Кирилл', 'Кулюкин', 3),
(151, 'Кирилл', 'Кулюкин', 3),
(158, 'Кирилл', 'Кулюкин', 3),
(166, 'Кирилл', 'Кулюкин', 3),
(173, 'Кирилл', 'Кулюкин', 3),
(180, 'Кирилл', 'Кулюкин', 3),
(187, 'Кирилл', 'Кулюкин', 3),
(198, 'Литовкин', 'Дмитрий', 3),
(213, '', '', 3),
(223, 'Кирилл', 'Кулюкин', 3),
(224, 'Кирилл', 'Кулюкин', 3),
(225, '', '', 3),
(236, '', '', 3),
(237, '', '', 1),
(238, '', '', 2),
(239, '', '', 3),
(240, '', '', 2),
(241, '', '', 1),
(242, '', '', 3),
(243, '', '', 3),
(244, '', '', 3),
(248, '', '', 2),
(249, '', '', 2),
(257, 'Кирилл', 'Кулюкин', 2),
(266, '', '', 2),
(276, '', '', 2),
(287, '', '', 2),
(297, '', '', 2),
(308, '', '', 2),
(318, '', '', 3),
(329, '', '', 3),
(339, '', '', 1),
(340, '', '', 2),
(350, '', '', 2),
(360, '', '', 3),
(371, '', '', 2),
(381, '', '', 2),
(391, '', '', 2),
(401, '', '', 2),
(402, '', '', 2),
(412, '', '', 2),
(424, '', '', 2),
(435, '', '', 2),
(445, '', '', 2),
(455, '', '', 2),
(466, '', '', 2),
(476, '', '', 2),
(480, '', '', 2),
(490, '', '', 2),
(501, '', '', 2),
(511, '', '', 2),
(521, '', '', 2),
(531, '', '', 4),
(542, '', '', 4),
(554, '', '', 4),
(566, '', '', 4),
(577, '', '', 4),
(588, '', '', 2),
(598, '', '', 4),
(611, '', '', 4),
(612, '', '', 4),
(624, '', '', 4),
(635, '', '', 4),
(646, '', '', 4),
(651, '', '', 3),
(652, '', '', 4),
(660, '', '', 4),
(675, '', '', 4),
(689, '', '', 4),
(690, '', '', 4),
(691, '', '', 4),
(692, '', '', 4),
(693, '', '', 4),
(695, '', '', 4),
(697, '', '', 2),
(698, '', '', 4),
(699, '', '', 4),
(700, '', '', 4),
(701, '', '', 4),
(702, '', '', 4),
(703, '', '', 4),
(705, '', '', 4),
(706, '', '', 4),
(707, '', '', 4),
(708, '', '', 3),
(718, '', '', 4),
(722, '', '', 4),
(724, '', '', 4),
(725, '', '', 4),
(734, '', '', 4),
(753, '', '', 4),
(768, '', '', 4),
(781, '', '', 4),
(791, '', '', 4),
(802, '', '', 4),
(813, '', '', 4),
(823, '', '', 4),
(834, '', '', 4),
(845, '', '', 4),
(855, '', '', 4),
(867, '', '', 4),
(880, '', '', 4),
(890, '', '', 4),
(907, '', '', 4),
(919, '', '', 4),
(929, '', '', 4),
(940, '', '', 4),
(950, '', '', 4),
(961, '', '', 4),
(971, '', '', 4),
(982, '', '', 4),
(993, '', '', 4),
(1004, '', '', 4),
(1015, '', '', 4),
(1025, '', '', 4),
(1035, '', '', 4),
(1046, '', '', 4),
(1056, '', '', 4),
(1066, '', '', 4),
(1076, '', '', 2),
(1086, '', '', 2),
(1096, '', '', 4),
(1107, '', '', 4),
(1121, '', '', 4),
(1131, '', '', 4),
(1141, '', '', 4),
(1151, '', '', 4),
(1161, '', '', 4),
(1171, '', '', 4),
(1182, '', '', 4),
(1194, '', '', 4),
(1205, '', '', 4),
(1216, '', '', 4),
(1226, '', '', 4),
(1236, '', '', 4),
(1246, '', '', 4),
(1258, '', '', 4),
(1269, 'Литовкин', 'Дмитрий', 4),
(1291, '', '', 4),
(1301, '', '', 4),
(1312, '', '', 4),
(1323, '', '', 4),
(1334, '', '', 4),
(1344, '', '', 4),
(1354, '', '', 4),
(1364, '', '', 4),
(1374, '', '', 4),
(1384, '', '', 4),
(1395, '', '', 4),
(1405, '', '', 1),
(1406, '', '', 3),
(1416, '', '', 3);

--
-- Индексы сохранённых таблиц
--

--
-- Индексы таблицы `answer`
--
ALTER TABLE `answer`
  ADD PRIMARY KEY (`id`);

--
-- Индексы таблицы `answer_component_transfer_method`
--
ALTER TABLE `answer_component_transfer_method`
  ADD PRIMARY KEY (`id`),
  ADD KEY `FK2en9dpa99wf12nkqnsn2p1r5q` (`student_id`);

--
-- Индексы таблицы `answer_element_borders`
--
ALTER TABLE `answer_element_borders`
  ADD PRIMARY KEY (`id`),
  ADD KEY `FKi8qyxohgd93x9w71f4fk9l3iu` (`student_id`);

--
-- Индексы таблицы `answer_element_direction`
--
ALTER TABLE `answer_element_direction`
  ADD PRIMARY KEY (`id`),
  ADD KEY `FKg4pwijjysdhacb6orecun0a70` (`element_id`),
  ADD KEY `FKrgxkpah7s7tcaekd4b88t7fwy` (`student_id`);

--
-- Индексы таблицы `answer_element_presentation`
--
ALTER TABLE `answer_element_presentation`
  ADD PRIMARY KEY (`id`),
  ADD KEY `FK5k8bcxtepajj984x8bxe6l0cu` (`element_id`),
  ADD KEY `FK3cwxugo6m3o0lahbd9ffp88uk` (`implementation_id`),
  ADD KEY `FK9mpyaabsr66esjmk9v5de91ox` (`student_id`);

--
-- Индексы таблицы `data_component`
--
ALTER TABLE `data_component`
  ADD PRIMARY KEY (`id`),
  ADD KEY `FK2jd6xs18rox5mmux1rnc30nrb` (`domain_type_id`),
  ADD KEY `FK6mvvofxi45h47xsfvjpxx4y86` (`implementation_id`);

--
-- Индексы таблицы `data_element`
--
ALTER TABLE `data_element`
  ADD PRIMARY KEY (`id`),
  ADD KEY `FKbgdk5krhjo3q18381q1qgebb0` (`problem_id`),
  ADD KEY `FKbau3afwigo3n8n1fn61c8ue5l` (`domain_type_id`);

--
-- Индексы таблицы `data_element_implementation`
--
ALTER TABLE `data_element_implementation`
  ADD PRIMARY KEY (`id`),
  ADD KEY `FKtgmuuw7l6oqmduhkdkk3uqfm8` (`data_element_id`);

--
-- Индексы таблицы `domain_type`
--
ALTER TABLE `domain_type`
  ADD PRIMARY KEY (`id`);

--
-- Индексы таблицы `entity_field`
--
ALTER TABLE `entity_field`
  ADD PRIMARY KEY (`id`),
  ADD KEY `FKhpxc2olb3pd1v3k83v290568n` (`domain_type_id`),
  ADD KEY `FKeygyns6m536hrwxbfadeqr8ag` (`own_domain_type_id`);

--
-- Индексы таблицы `phrase`
--
ALTER TABLE `phrase`
  ADD PRIMARY KEY (`id`),
  ADD KEY `FKjmg02n8jj5hyxt6antw6v0tti` (`data_element_id`);

--
-- Индексы таблицы `problem`
--
ALTER TABLE `problem`
  ADD PRIMARY KEY (`id`);

--
-- Индексы таблицы `student`
--
ALTER TABLE `student`
  ADD PRIMARY KEY (`id`),
  ADD KEY `FKf8wh8p30xlos37h6xlbsx8rjc` (`problem_id`);

--
-- Ограничения внешнего ключа сохраненных таблиц
--

--
-- Ограничения внешнего ключа таблицы `answer_component_transfer_method`
--
ALTER TABLE `answer_component_transfer_method`
  ADD CONSTRAINT `FK2en9dpa99wf12nkqnsn2p1r5q` FOREIGN KEY (`student_id`) REFERENCES `student` (`id`);

--
-- Ограничения внешнего ключа таблицы `answer_element_borders`
--
ALTER TABLE `answer_element_borders`
  ADD CONSTRAINT `FKi8qyxohgd93x9w71f4fk9l3iu` FOREIGN KEY (`student_id`) REFERENCES `student` (`id`);

--
-- Ограничения внешнего ключа таблицы `answer_element_direction`
--
ALTER TABLE `answer_element_direction`
  ADD CONSTRAINT `FKg4pwijjysdhacb6orecun0a70` FOREIGN KEY (`element_id`) REFERENCES `data_element` (`id`),
  ADD CONSTRAINT `FKrgxkpah7s7tcaekd4b88t7fwy` FOREIGN KEY (`student_id`) REFERENCES `student` (`id`);

--
-- Ограничения внешнего ключа таблицы `answer_element_presentation`
--
ALTER TABLE `answer_element_presentation`
  ADD CONSTRAINT `FK3cwxugo6m3o0lahbd9ffp88uk` FOREIGN KEY (`implementation_id`) REFERENCES `data_element_implementation` (`id`),
  ADD CONSTRAINT `FK5k8bcxtepajj984x8bxe6l0cu` FOREIGN KEY (`element_id`) REFERENCES `data_element` (`id`),
  ADD CONSTRAINT `FK9mpyaabsr66esjmk9v5de91ox` FOREIGN KEY (`student_id`) REFERENCES `student` (`id`);

--
-- Ограничения внешнего ключа таблицы `data_component`
--
ALTER TABLE `data_component`
  ADD CONSTRAINT `FK2jd6xs18rox5mmux1rnc30nrb` FOREIGN KEY (`domain_type_id`) REFERENCES `domain_type` (`id`),
  ADD CONSTRAINT `FK6mvvofxi45h47xsfvjpxx4y86` FOREIGN KEY (`implementation_id`) REFERENCES `data_element_implementation` (`id`);

--
-- Ограничения внешнего ключа таблицы `data_element`
--
ALTER TABLE `data_element`
  ADD CONSTRAINT `FKbau3afwigo3n8n1fn61c8ue5l` FOREIGN KEY (`domain_type_id`) REFERENCES `domain_type` (`id`),
  ADD CONSTRAINT `FKbgdk5krhjo3q18381q1qgebb0` FOREIGN KEY (`problem_id`) REFERENCES `problem` (`id`);

--
-- Ограничения внешнего ключа таблицы `data_element_implementation`
--
ALTER TABLE `data_element_implementation`
  ADD CONSTRAINT `FKtgmuuw7l6oqmduhkdkk3uqfm8` FOREIGN KEY (`data_element_id`) REFERENCES `data_element` (`id`);

--
-- Ограничения внешнего ключа таблицы `entity_field`
--
ALTER TABLE `entity_field`
  ADD CONSTRAINT `FKeygyns6m536hrwxbfadeqr8ag` FOREIGN KEY (`own_domain_type_id`) REFERENCES `domain_type` (`id`),
  ADD CONSTRAINT `FKhpxc2olb3pd1v3k83v290568n` FOREIGN KEY (`domain_type_id`) REFERENCES `domain_type` (`id`);

--
-- Ограничения внешнего ключа таблицы `phrase`
--
ALTER TABLE `phrase`
  ADD CONSTRAINT `FKjmg02n8jj5hyxt6antw6v0tti` FOREIGN KEY (`data_element_id`) REFERENCES `data_element` (`id`);

--
-- Ограничения внешнего ключа таблицы `student`
--
ALTER TABLE `student`
  ADD CONSTRAINT `FKf8wh8p30xlos37h6xlbsx8rjc` FOREIGN KEY (`problem_id`) REFERENCES `problem` (`id`);
COMMIT;

/*!40101 SET CHARACTER_SET_CLIENT=@OLD_CHARACTER_SET_CLIENT */;
/*!40101 SET CHARACTER_SET_RESULTS=@OLD_CHARACTER_SET_RESULTS */;
/*!40101 SET COLLATION_CONNECTION=@OLD_COLLATION_CONNECTION */;
